Location Name,latitude,longitude
"Liverpool, Lancashire, England",,
"Salt Lake City, Salt Lake County, Utah Territory",,
Utah,,
"Provo, Utah County, Utah Territory",,
"Salt Lake City Temple, Salt Lake City, Salt Lake County, Utah Territory",,
"Brigham Young Academy, Provo, Utah County, Utah Territory",,
"Gardo House, Salt Lake City, Salt Lake County, Utah Territory",,
Utah Territory,,
"Tabernacle, Salt Lake City, Salt Lake County, Utah Territory",,
Zion,,
New York,,
Tennessee,,
"Provo, Utah County, Utah",,
"Washington, D.C., United States",,
"Salt Lake City, Salt Lake County, Utah",,
"Salt Lake City Temple, Salt Lake City, Salt Lake County, Utah",,
"Salt Lake Theatre, Salt Lake City, Salt Lake County, Utah",,
"Oasis, Millard County, Utah",,
"Denver, Denver County, Colorado",,
Nevada,,
"Los Angeles, Los Angeles County, California",,
"Deseret, Millard County, Utah",,
"Tabernacle, Salt Lake City, Salt Lake County, Utah",,
"Temple Square, Salt Lake City, Salt Lake County, Utah",,
"Woodruff Villa, Salt Lake City, Salt Lake County, Utah",,
"Cache Valley, Idaho and Utah Territories",,
"Ogden, Weber County, Utah",,
Israel,,
Jerusalem,,
"St. George Temple, St. George, Washington County, Utah",,
"Saltair, Salt Lake County, Utah",,
"Honolulu, Kingdom of Hawaii",,
"Ogden, Weber County, Utah Territory",,
"Richmond, Cache County, Utah Territory",,
Nebraska,,
"Bear Lake Valley, Idaho and Utah",,
"San Francisco, San Francisco County, California",,
"Vernal, Uintah County, Utah",,
Canada,,
United Kingdom,,
"Manti, Sanpete County, Utah",,
"Price, Carbon County, Utah",,
"American Fork, Utah County, Utah",,
"Nephi, Juab County, Utah",,
"Zions Cooperative Mercantile Institution Building, Salt Lake City, Salt Lake County, Utah",,
California,,
"Sacramento, Sacramento County, California",,
"Oakland, Alameda County, California",,
"Wasatch County, Utah",,
Sweden,,
District of Alaska,,
"Assembly Hall, Salt Lake City, Salt Lake County, Utah",,
"Zions Cooperative Mercantile Institution Building, Salt Lake City, Salt Lake County, Utah Territory",,
"Victoria, British Columbia, Canada",,
"New England, United States",,
"Alliance, Stark County, Ohio",,
"Knutsford Hotel, Salt Lake City, Salt Lake County, Utah Territory",,
Mexico,,
Pennsylvania,,
Arizona Territory,,
"Salt Lake City Cemetery, Salt Lake City, Salt Lake County, Utah Territory",,
"London, Middlesex, England",,
Iowa,,
"Salt Lake Theatre, Salt Lake City, Salt Lake County, Utah Territory",,
"Fox Islands, Waldo County, Maine",,
Oregon,,
"Columbia River, United States",,
"Port Townsend, Washington",,
"Portland Hotel, Portland, Multnomah County, Oregon",,
"Portland, Multnomah County, Oregon",,
"Driard Hotel, Victoria, British Columbia, Canada",,
"Seattle, King County, Washington",,
"Tacoma, Pierce County, Washington",,
Germany,,
"Brigham City, Box Elder County, Utah Territory",,
"Glasgow, Lanarkshire, Scotland",,
"Bear River, United States",,
"Big Cottonwood Canyon, Utah",,
"City Creek Canyon, Salt Lake County, Utah",,
Russia,,
"Hotel Templeton, Salt Lake City, Salt Lake County, Utah",,
"Mill Creek Meeting House, Mill Creek, Salt Lake County, Utah",,
Missouri,,
"Logan, Cache County, Utah Territory",,
"Vancouver, British Columbia, Canada",,
"Pocatello, Bannock County, Idaho",,
"Snake River, Idaho Territory",,
"Nampa, Canyon County, Idaho",,
"Mendon, Cache County, Utah",,
"Liberty Park, Salt Lake City, Salt Lake County, Utah",,
"Lehi Sugar Factory, Lehi, Utah County, Utah",,
"St. George, Washington County, Utah",,
"Pleasant Grove, Utah County, Utah",,
"Huntington, Emery County, Utah",,
"Willamette River, Oregon",,
"Astoria, Clatsop County, Oregon",,
"Brigham City, Apache County, Arizona Territory",,
"Sunset, Apache County, Arizona Territory",,
"Smithfield, Cache County, Utah Territory",,
"Assembly Hall, Salt Lake City, Salt Lake County, Utah Territory",,
"City Creek, Salt Lake County, Utah",,
"West Jordan, Salt Lake County, Utah",,
"Mona, Juab County, Utah Territory",,
"Rogue River, Oregon",,
England,,
"Salt Lake Valley, Utah",,
"New York City, New York County, New York",,
"St. George, Washington County, Utah Territory",,
"Sanpete County, Utah",,
"Sugar House Prison, Salt Lake City, Salt Lake County, Utah",,
"Ashland, Jackson County, Oregon",,
"Black Butte, Siskiyou County, California",,
"Castle Crags, Shasta County, California",,
"Edgewood, Siskiyou County, California",,
"Grants Pass, Josephine County, Oregon",,
"Mott, Siskiyou County, California",,
"Mount Shasta, Siskiyou County, California",,
"Sacramento River, California",,
"Siskiyou Mountain Summit, Jackson County, Oregon",,
"Sisson, Siskiyou County, California",,
"Upper Soda Springs, Siskiyou County, California",,
"Albany, Linn County, Oregon",,
"Oregon City, Clackamas County, Oregon",,
"Vernal, Uintah County, Utah Territory",,
"Chicago, Cook County, Illinois",,
"Juab County, Utah",,
"Baker City, Baker County, Oregon",,
"Camp Douglas, Salt Lake City, Salt Lake County, Utah Territory",,
"Saltair, Salt Lake County, Utah Territory",,
"Allstedt, Saxony-Anhalt, Germany",,
"Dresden, Germany",,
"Frankfurt, Germany",,
Kentucky,,
Europe,,
"Farmington, Davis County, Utah Territory",,
"Gardo House, Salt Lake City, Salt Lake County, Utah",,
"Hinckley, Millard County, Utah",,
"Ogden River, Weber County, Utah Territory",,
"Ashley, Uintah County, Utah",,
"Ephraim, Sanpete County, Utah",,
"Manti Temple, Manti, Sanpete County, Utah",,
"Granite, Salt Lake County, Utah Territory",,
"Utah Lake, Utah County, Utah Territory",,
"Provo River, Utah and Wasatch Counties, Utah Territory",,
"Woodruff Farm, Salt Lake City, Salt Lake County, Utah Territory",,
"Logan, Cache County, Utah",,
Vermont,,
"Berlin, Brandenburg, Germany",,
"Manti Temple, Manti, Sanpete County, Utah Territory",,
"Randolph, Rich County, Utah Territory",,
"Woodruff, Rich County, Utah Territory",,
"Willard, Box Elder County, Utah Territory",,
"Laketown, Rich County, Utah Territory",,
"Soda Springs, Bingham County, Idaho",,
"Nauvoo, Hancock County, Illinois",,
"Logan Temple, Logan, Cache County, Utah Territory",,
"Beehive House, Salt Lake City, Salt Lake County, Utah",,
"Box Elder Canyon, Box Elder County, Utah Territory",,
"Mantua, Box Elder County, Utah Territory",,
Michigan,,
Minnesota,,
"Cedar City, Iron County, Utah Territory",,
"Parowan, Iron County, Utah Territory",,
"Knutsford Hotel, Salt Lake City, Salt Lake County, Utah",,
"Salt Lake City Temple, Great Salt Lake City, Great Salt Lake County, Utah Territory",,
"Weber River, Utah Territory",,
"Mill Creek, Great Salt Lake County, Utah Territory",,
"Ogden Canyon, Weber County, Utah Territory",,
"Ogden Canyon, Weber County, Utah",,
"Hartford, Hartford County, Connecticut",,
"Cincinnati, Hamilton County, Ohio",,
"Great Salt Lake City, Great Salt Lake County, Utah Territory",,
"Temple Square, Salt Lake City, Salt Lake County, Utah Territory",,
"Lion House, Salt Lake City, Salt Lake County, Utah",,
Samoa,,
"Juneau, District of Alaska",,
"Millard County, Utah Territory",,
"Bountiful, Davis County, Utah Territory",,
"Bannock County, Idaho",,
"Sitka, District of Alaska",,
"Boston, Suffolk County, Massachusetts",,
"Rocky Mountains, United States",,
Idaho,,
"Huntsville, Weber County, Utah Territory",,
"Jackson County, Missouri",,
"Lincoln Park, Chicago, Cook County, Illinois",,
"Michigan Avenue, Chicago, Cook County, Illinois",,
Colorado,,
New Zealand,,
"San Juan County, Utah Territory",,
"Wasatch, Salt Lake County, Utah Territory",,
"Lake Erie, United States",,
"Almy, Uinta County, Wyoming",,
"Auditorium Building, Chicago, Cook County, Illinois",,
"Masonic Temple, Chicago, Cook County, Illinois",,
"South Cottonwood, Salt Lake County, Utah Territory",,
"Manti, Sanpete County, Utah Territory",,
"Lehi, Utah County, Utah Territory",,
"St. Louis, St. Louis County, Missouri",,
"Carthage Jail, Carthage, Hancock County, Illinois",,
"Malad City, Oneida County, Idaho",,
"Valley House, Salt Lake City, Salt Lake County, Utah",,
"Davis County, Utah Territory",,
"Rexburg, Bingham County, Idaho Territory",,
"Independence, Jackson County, Missouri",,
"Laramie, Albany County, Wyoming",,
"Temple Lot, Independence, Jackson County, Missouri",,
"Ellis, Ellis County, Kansas",,
"Greeley, Weld County, Colorado",,
"Paris, France",,
"Columbus, Cherokee County, Kansas",,
"Iron County, Utah Territory",,
Ireland,,
New Mexico Territory,,
"Murray, Salt Lake County, Utah Territory",,
"Bluewater, Valencia County, New Mexico Territory",,
"Green River, Sweetwater County, Wyoming",,
"Coalville, Summit County, Utah Territory",,
"Scarborough, Cumberland County, Maine",,
"Adam-ondi-Ahman, Daviess County, Missouri",,
"Hollenbeck Hotel, Los Angeles, Los Angeles County, California",,
"San Pedro, Los Angeles County, California",,
"Endowment House, Salt Lake City, Salt Lake County, Utah",,
"Brigham Young Academy, Provo, Utah County, Utah",,
"Cedar Fort, Iron County, Utah Territory",,
"Iosepa, Tooele County, Utah Territory",,
Alabama,,
"Pasadena, Los Angeles County, California",,
"Santa Catalina Island, Los Angeles, Los Angeles County, California",,
"Deseret Hospital, Salt Lake City, Salt Lake County, Utah",,
"Camp Floyd, Fairfield, Utah County, Utah",,
"Bullion-Beck Mine, Juab County, Utah Territory",,
"Kanab, Kane County, Utah",,
"Pelican Point, Utah Lake, Utah County, Utah Territory",,
"Smithfield, Cache County, Utah",,
"San Diego, San Diego County, California",,
"Clay County, Missouri",,
"Daviess County, Missouri",,
"Ray County, Missouri",,
"Camp Floyd, Fairfield, Utah County, Utah Territory",,
"Deseret National Bank, Salt Lake City, Salt Lake County, Utah Territory",,
"Hotel Del Coronado, San Diego, San Diego County, California",,
"Hotel Del Monte, Monterey, Monterey County, California",,
"Santa Ana, Orange County, California",,
Kansas,,
"Deseret Hospital, Salt Lake City, Salt Lake County, Utah Territory",,
"Monterey, Monterey County, California",,
"Palace Hotel, San Francisco, San Francisco County, California",,
"Logan Tabernacle, Logan, Cache County, Utah Territory",,
"Weber County, Utah Territory",,
"Weber Stake Academy, Ogden, Weber County, Utah Territory",,
"Nephi Meeting House, Nephi, Juab County, Utah",,
"Point of the Mountain, Utah",,
Palestine,,
"St. George Temple, St. George, Washington County, Utah Territory",,
"Cambridgeport, Cambridge, Middlesex County, Massachusetts",,
"Lehi, Utah County, Utah",,
"Council House, Salt Lake City, Salt Lake County, Utah",,
"Logan Canyon, Cache County, Utah Territory",,
Japan,,
"Bountiful, Davis County, Utah",,
"Nauvoo Temple, Nauvoo, Hancock County, Illinois",,
"Liberty Jail, Liberty, Clay County, Missouri",,
"Granite, Salt Lake County, Utah",,
Connecticut,,
"Spanish Fork, Utah County, Utah Territory",,
"Price, Emery County, Utah Territory",,
"Jordan River, Utah Territory",,
"Beaver, Beaver County, Utah Territory",,
"Kanarraville, Iron County, Utah Territory",,
"Richfield, Sevier County, Utah Territory",,
"Bellevue, Washington County, Utah Territory",,
"Paragonah, Iron County, Utah Territory",,
"Great Salt Lake Valley, Utah Territory",,
"Council Bluffs, Pottawattamie County, Iowa",,
"Missouri River, United States",,
"Omaha, Douglas County, Nebraska",,
"Rock Island, Rock Island County, Illinois",,
"Salt Lake City Cemetery, Salt Lake City, Salt Lake County, Utah",,
"Dearborn Street, Chicago, Cook County, Illinois",,
"Hartford Building, Chicago, Cook County, Illinois",,
"Madison Street, Chicago, Cook County, Illinois",,
"New Haven, New Haven County, Connecticut",,
"Atkinville, Washington County, Utah Territory",,
"Sevier River, Utah",,
"Manassa, Conejos County, Colorado",,
"Spragueville, Oswego County, New York",,
"Draper, Salt Lake and Utah Counties, Utah",,
"Nephi, Juab County, Utah Territory",,
"Ephraim, Sanpete County, Utah Territory",,
"Salt Lake County, Utah Territory",,
"Pine Valley, Washington County, Utah Territory",,
"Brutus, Cayuga County, New York",,
"Fountain Green, Sanpete County, Utah Territory",,
"Cannonville, Garfield County, Utah Territory",,
"Diamond Valley, Washington County, Utah Territory",,
"Virgin River, United States",,
"Big Cottonwood Canyon, Utah Territory",,
"American Fork, Utah County, Utah Territory",,
"Fairview, Sanpete County, Utah Territory",,
"Milford, Beaver County, Utah Territory",,
"Oswego County, New York",,
"Brigham Young College, Logan, Cache County, Utah Territory",,
"City Hall, Salt Lake City, Salt Lake County, Utah Territory",,
"Pleasant Grove, Utah County, Utah Territory",,
"Levan, Juab County, Utah Territory",,
"Kirtland, Geauga County, Ohio",,
"Centerville, Davis County, Utah Territory",,
"Ashley, Uintah County, Utah Territory",,
"Beaver County, Utah Territory",,
"Harrisburg, Washington County, Utah Territory",,
"Toquerville, Washington County, Utah Territory",,
"Buckhorn Springs, Iron County, Utah Territory",,
"Salina, Sevier County, Utah Territory",,
"Elsinore, Sevier County, Utah Territory",,
"Castle Dale, Emery County, Utah Territory",,
"Ferron, Emery County, Utah Territory",,
"Huntington, Emery County, Utah Territory",,
"Duchesne River, Utah Territory",,
"Price River Canyon, Utah Territory",,
"Uinta River, Utah Territory",,
"Tooele, Tooele County, Utah Territory",,
"Big Cottonwood Creek, Salt Lake County, Utah Territory",,
"Little Cottonwood, Salt Lake County, Utah Territory",,
"Hotel Templeton, Salt Lake City, Salt Lake County, Utah Territory",,
Texas,,
"Wasatch County, Utah Territory",,
Turkey,,
"Avon, Hartford County, Connecticut",,
"New London County, Connecticut",,
"Currant Creek, Utah Territory",,
"Duchesne Bridge, Utah Territory",,
"Red Creek, Utah Territory",,
"Strawberry River, Utah Territory",,
"Trout Creek, Utah Territory",,
"Farmington, Hartford County, Connecticut",,
"Deer Creek, unorganized U.S. Territory",,
"Strawberry Valley, Utah Territory",,
"Willow Creek, Utah Territory",,
"Alpine, Utah County, Utah Territory",,
"Zapata Ranch, Costilla County, Colorado",,
"Minersville, Beaver County, Utah Territory",,
"Rush Lake, Iron County, Utah Territory",,
"Endowment House, Salt Lake City, Salt Lake County, Utah Territory",,
"Bear River, unorganized U.S. Territory",,
"Montpelier, Bear Lake County, Idaho",,
"Blackfoot, Bingham County, Idaho",,
"Paris, Bear Lake County, Idaho",,
"McCammon, Bannock County, Idaho",,
"Georgetown, Bear Lake County, Idaho",,
"Leeds, Washington County, Utah Territory",,
"Washington Fields Dam, Washington County, Utah Territory",,
"Bellevue, Kane County, Utah Territory",,
"Heber City, Wasatch County, Utah Territory",,
"Clegg Canyon, Utah Territory",,
"Daniels Canyon, Utah Territory",,
"Deseret, Millard County, Utah Territory",,
"Eureka, Juab County, Utah Territory",,
"Silver City, Juab County, Utah Territory",,
"Bear Lake Valley, Idaho and Utah Territory",,
"Morgan, Morgan County, Utah Territory",,
"Park City, Summit County, Utah Territory",,
"Manchester, Lancashire, England",,
"Santa Fe, Santa Fe County, New Mexico Territory",,
"Albuquerque, Bernalillo County, New Mexico Territory",,
"St. Johns, Apache County, Arizona Territory",,
"Cheyenne, Laramie County, Wyoming",,
"Lamy, Santa Fe County, New Mexico Territory",,
"Maricopa County, Arizona Territory",,
"San Felipe Hotel, Albuquerque, Bernalillo County, New Mexico Territory",,
"Snowflake, Apache County, Arizona Territory",,
Kingdom of Spain,,
"Echo, Summit County, Utah Territory",,
"Bowery, Salt Lake City, Salt Lake County, Utah Territory",,
"Granite Mountain, Salt Lake County, Utah Territory",,
"Little Cottonwood Creek, Utah Territory",,
"Rawlins, Carbon County, Wyoming",,
"Platte River, Nebraska",,
"Sierra Nevada Mountain Range, United States",,
"Provo High School, Provo, Utah County, Utah Territory",,
"Hill Cumorah, Manchester, Ontario County, New York",,
"Smithfield Tabernacle, Smithfield, Cache County, Utah Territory",,
Wyoming,,
"Sevier River, Utah Territory",,
"New Logan School House, Logan, Cache County, Utah Territory",,
"Cliff House, San Francisco, San Francisco County, California",,
"Mesa, Maricopa County, Arizona Territory",,
"Laie Sugar Plantation, Laie, Kingdom of Hawaii",,
"Lion House, Salt Lake City, Salt Lake County, Utah Territory",,
"Tithing Office, Salt Lake City, Salt Lake County, Utah Territory",,
"Beehive House, Salt Lake City, Salt Lake County, Utah Territory",,
"Utah State Agricultural College, Logan, Cache County, Utah Territory",,
"Valley House, Salt Lake City, Salt Lake County, Utah Territory",,
"Springville, Utah County, Utah Territory",,
"Colorado River, United States",,
"Colonia Díaz, Chihuahua, Mexico",,
"Sugar House Prison, Salt Lake City, Salt Lake County, Utah Territory",,
Australia,,
"Rockport, Summit County, Utah Territory",,
"Logan Meeting House, Logan, Cache County, Utah Territory",,
"Territorial Insane Asylum, Provo, Utah County, Utah Territory",,
"Fort Herriman, Salt Lake County, Utah Territory",,
"Mendon, Cache County, Utah Territory",,
"Pleasant Valley, Ada County, Idaho Territory",,
"Pocatello, Bingham County, Idaho Territory",,
"Salamander Lake, Utah Territory",,
"Burrard Inlet, British Columbia, Canada",,
"Strait of Georgia, British Columbia, Canada and United States",,
"Pendleton, Umatilla County, Oregon",,
"Peoa, Summit County, Utah Territory",,
"Wanship, Summit County, Utah Territory",,
"Kanab, Kane County, Utah Territory",,
"Banff, Alberta, Canada",,
"Lethbridge, Alberta, Canada",,
"Thompson River, British Columbia, Canada",,
"Dunmore, Assiniboia, Canada",,
"Medicine Hat, Assiniboia, Canada",,
"Provo Meeting House, Provo, Utah County, Utah Territory",,
"Utah Stake Tabernacle, Provo, Utah County, Utah Territory",,
"Reno, Washoe County, Nevada",,
"Belly River, Alberta, Canada",,
"Cardston, Alberta, Canada",,
"MacLeod, Alberta, Canada",,
"Kootenay River, Canada and United States",,
"Lee Creek, Alberta, Canada",,
"Woodruff Farm, Great Salt Lake City, Great Salt Lake County, Utah Territory",,
"Skull Valley, Tooele County, Utah Territory",,
"San Francisco Bay, California",,
"Sausalito, Marin County, California",,
New Hampshire,,
"Jordan River, Palestine",,
"Chronicle Building, San Francisco, San Francisco County, California",,
"Golden Gate Park, San Francisco, San Francisco County, California",,
"Golden Gate Strait, San Francisco, San Francisco County, California",,
"New Chinese Theatre, San Francisco, San Francisco County, California",,
"San Francisco Chinatown, San Francisco, San Francisco County, California",,
"St. Joseph, Apache County, Arizona Territory",,
"Paris, Bear Lake County, Idaho Territory",,
"St. Mary River, Canada and United States",,
"Moroni, Sanpete County, Utah Territory",,
"Mount Pleasant, Sanpete County, Utah Territory",,
"Spring City, Sanpete County, Utah Territory",,
"Fillmore, Millard County, Utah Territory",,
"Kananaskis River, Canada",,
"North Bend, British Columbia, Canada",,
"Rocky Mountains, Canada",,
"Rogers Pass, British Columbia, Canada",,
"Shuswap Lake, British Columbia, Canada",,
"Fraser River, British Columbia, Canada",,
"Selkirk Mountains, Canada and United States",,
"Eagle River, British Columbia, Canada",,
"Gold Range, British Columbia, Canada",,
"Garfield, Salt Lake County, Utah Territory",,
"Montpelier, Bear Lake County, Idaho Territory",,
China,,
"Port Townsend, Washington Territory",,
"Puget Sound, Washington Territory",,
"Seattle, King County, Washington Territory",,
"Tacoma, Pierce County, Washington Territory",,
"Sanpete County, Utah Territory",,
"Chester, Sanpete County, Utah Territory",,
"Alamosa, Conejos County, Colorado",,
"Meadow, Millard County, Utah Territory",,
"Oneida County, New York",,
"Liberty, Oneida County, Idaho Territory",,
"Soda Springs, Oneida County, Idaho Territory",,
"Northwest Territories, Canada",,
"San Jose, Santa Clara County, California",,
"Santa Clara, Santa Clara County, California",,
"Del Monte, Monterey County, California",,
"Menlo Park, San Mateo County, California",,
"Pajaro Valley, Santa Cruz and Monterey Counties, California",,
"San Mateo County, California",,
Sandwich Islands,,
"Alamosa River, Colorado",,
"Conejos River, Colorado",,
"San Luis Valley, Colorado",,
"Sanford, Conejos County, Colorado",,
"Zapato, Costilla County, Colorado",,
"West Jordan, Salt Lake County, Utah Territory",,
"San Luis, Yuma County, Arizona Territory",,
"Elmhurst, Lichfield, Staffordshire, England",,
Idaho Territory,,
"Ramah, Valencia County, New Mexico Territory",,
"Fort Ephraim, Sanpete County, Utah Territory",,
"Gunnison, Sanpete County, Utah Territory",,
Thomas J. Anderson,,
"Star Valley, Wyoming Territory",,
"Humboldt County, Nevada",,
"Grantsville, Tooele County, Utah Territory",,
"Marysvale, Piute County, Utah Territory",,
"Payson, Utah County, Utah Territory",,
"Goshen, Utah County, Utah Territory",,
"Panguitch, Iron County, Utah Territory",,
"Hillsdale, Iron County, Utah Territory",,
"Kingston, Piute County, Utah Territory",,
"Great Salt Lake, Utah Territory",,
"Santaquin, Juab and Utah Counties, Utah Territory",,
"Salem, Utah County, Utah Territory",,
"Glendale, Kane County, Utah Territory",,
"Mount Carmel, Kane County, Utah Territory",,
"Orderville, Kane County, Utah Territory",,
"Tonto Basin, Gila County, Arizona Territory",,
"Rockville, Washington County, Utah Territory",,
"Evanston, Uinta County, Wyoming Territory",,
"Wales, Sanpete County, Utah Territory",,
"Duncan Creek, Iron County, Utah Territory",,
"Pinto, Washington County, Utah Territory",,
"Bingham County, Idaho Territory",,
"Lester Park, Ogden, Weber County, Utah Territory",,
"Paris, Oneida County, Idaho Territory",,
"Coalville Meeting House, Coalville, Summit County, Utah Territory",,
"Springville Meeting House, Springville, Utah County, Utah Territory",,
"Tooele Meeting House, Tooele, Tooele County, Utah Territory",,
"Salt Lake City Asylum and Hospital, Salt Lake City, Salt Lake County, Utah Territory",,
"Bear Lake Valley, Idaho and Utah Territories",,
"Juab County, Utah Territory",,
"Franklin, Oneida County, Idaho Territory",,
"Cove Creek, Beaver and Millard Counties, Utah Territory",,
"Meadow Creek, Millard County, Utah Territory",,
"Kanosh, Millard County, Utah Territory",,
"Kaysville, Davis County, Utah Territory",,
"Farmington Meeting House, Farmington, Davis County, Utah Territory",,
"Grantsville Meeting House, Grantsville, Tooele County, Utah Territory",,
"Mill Creek Meeting House, Mill Creek, Salt Lake County, Utah Territory",,
"Nephi Meeting House, Nephi, Juab County, Utah Territory",,
"Payson Meeting House, Payson, Utah County, Utah Territory",,
"Kaysville Meeting House, Kaysville, Davis County, Utah Territory",,
"Parleys Canyon, Salt Lake County, Utah Territory",,
"Scipio, Millard County, Utah Territory",,
"Holden, Millard County, Utah Territory",,
"Hyde Park, Cache County, Utah Territory",,
"Calistoga, Napa County, California",,
"Fort Johnson, Iron County, Utah Territory",,
"Leeds, Kane County, Utah Territory",,
Atlantic Ocean,,
Scotland,,
Wales,,
Wyoming Territory,,
Indiana,,
Illinois,,
"Newton, Cache County, Utah Territory",,
"Eden, Weber County, Utah Territory",,
"Cleveland, Cuyahoga County, Ohio",,
"Box Elder County, Utah Territory",,
"Council House, Great Salt Lake City, Great Salt Lake County, Utah Territory",,
"Harrisville, Weber County, Utah Territory",,
"Plain City, Weber County, Utah Territory",,
"West Weber, Weber County, Utah Territory",,
"Hooper, Weber County, Utah Territory",,
"Sugar House, Salt Lake City, Salt Lake County, Utah Territory",,
"Lewiston, Cache County, Utah Territory",,
"Onawa, Monona County, Iowa",,
"Santa Clara, Washington County, Utah Territory",,
"Philadelphia, Philadelphia County, Pennsylvania",,
"Emery County, Utah Territory",,
"Tabernacle, Great Salt Lake City, Great Salt Lake County, Utah Territory",,
"Mountain Meadows, Washington County, Utah Territory",,
"Woods Cross, Davis County, Utah Territory",,
"Black Rock, Tooele County, Utah Territory",,
"Pinto Creek, Washington County, Utah Territory",,
"Grass Valley, Washington County, Utah Territory",,
"Logan River, Cache County, Utah Territory",,
France,,
"Fish Lake, Sevier County, Utah Territory",,
"Kings Meadow, Sevier County, Utah Territory",,
"Pine Creek Canyon, Washington County, Utah Territory",,
"Sheffield, Yorkshire, England",,
"Detroit, Wayne County, Michigan",,
"Yuma, Yuma County, Arizona Territory",,
"Far West, Caldwell County, Missouri",,
"San Francisco Peaks, United States",,
Switzerland,,
"Bunkerville, Lincoln County, Nevada",,
"City Creek Canyon, Salt Lake County, Utah Territory",,
"Kirtland Temple, Kirtland, Geauga County, Ohio",,
"Canada, British North America",,
Scandinavia,,
"Eagle Rock, Oneida County, Idaho Territory",,
"Emigration Canyon, Great Salt Lake County, Utah Territory",,
"Clear Creek Canyon, Sevier County, Utah Territory",,
"Mayfield, Sanpete County, Utah Territory",,
"Hackberry, Mohave County, Arizona Territory",,
"Cedar Butte, Oneida County, Idaho Territory",,
"Lewisville, Oneida County, Idaho Territory",,
"Burrville, Sevier County, Utah Territory",,
"Sonora, Mexico",,
"Manti Tabernacle, Manti, Sanpete County, Utah Territory",,
"Grass Valley, Piute and Sevier Counties, Utah Territory",,
"Alta, Salt Lake County, Utah Territory",,
"Beaver Dam, Mohave County, Arizona Territory",,
"Parker, Fremont County, Idaho Territory",,
"Wallace County, Kansas",,
Montana Territory,,
"Moenkopi, Yavapai County, Arizona Territory",,
"Utah County, Utah Territory",,
"Chihuahua, Mexico",,
"St. Thomas, Lincoln County, Nevada",,
"Glenwood, Sevier County, Utah Territory",,
"Joseph, Sevier County, Utah Territory",,
"Teton, Fremont County, Idaho Territory",,
Sextus E. Johnson,,
"Overton, Lincoln County, Nevada",,
"Virgin Hill, Lincoln County, Nevada",,
"Lees Ferry, Yavapai County, Arizona Territory",,
"Wilford, Bingham County, Idaho Territory",,
"Cove Fort, Millard County, Utah Territory",,
"Lyman, Fremont County, Idaho Territory",,
"Albany, Albany County, New York",,
"City Creek, Salt Lake County, Utah Territory",,
"Goosebury Valley, Sevier County, Utah Territory",,
"Oxford, Oneida County, Idaho Territory",,
"Santa Clara River, Washington County, Utah Territory",,
"Cottonwood Heights, Salt Lake County, Utah Territory",,
"St. George Tabernacle, St. George, Washington County, Utah Territory",,
"Dodge Springs, Washington County, Utah Territory",,
"Price City, Washington County, Utah Territory",,
James Leathhead,,
"Rabbit Valley, Piute County, Utah Territory",,
"Teton River, Idaho Territory",,
"Salem, Fremont County, Idaho Territory",,
"Portneuf River, Idaho Territory",,
"Market Lake, Alturas County, Idaho Territory",,
"Conneaut Township, Crawford County, Pennsylvania",,
"Horgen, Zürich, Switzerland",,
"Bountiful Meeting House, Bountiful, Davis County, Utah Territory",,
"Emigration Canyon, Salt Lake County, Utah Territory",,
"Rexburg, Oneida County, Idaho Territory",,
Great Britain,,
"San Bernardino, San Bernardino County, California",,
"Pueblo, Pueblo County, Colorado",,
"Arkansas River, United States",,
"Ovid, Bear Lake County, Idaho Territory",,
"Kamas, Summit County, Utah Territory",,
"Herefordshire, England",,
"Green River, Emery County, Utah Territory",,
"Quincy, Adams County, Illinois",,
"St. Charles, Oneida County, Idaho Territory",,
"Garden City, Rich County, Utah Territory",,
"Fish Haven, Bear Lake County, Idaho Territory",,
"Bloomington, Bear Lake County, Idaho Territory",,
"Taylor, Apache County, Arizona Territory",,
"Sanpete Valley, Sanpete County, Utah Territory",,
"Orangeville, Emery County, Utah Territory",,
"Cache County, Utah Territory",,
"Assembly Hall, Ogden, Weber County, Utah Territory",,
"Smithfield Canyon, Smithfield, Cache County, Utah Territory",,
"Meadowville, Rich County, Utah Territory",,
"Spanish Fork Canyon, Spanish Fork, Utah County, Utah Territory",,
"Lake Fork River, Wasatch County, Utah Territory",,
"Mississippi River, United States",,
"Fishing River, Clay County, Missouri",,
"Freedom, Sanpete County, Utah Territory",,
"Uintah County, Utah Territory",,
"Corn Creek, Millard County, Utah Territory",,
"Wildcat Canyon, Beaver County, Utah Territory",,
"Sandy, Salt Lake County, Utah Territory",,
"South Jordan, Salt Lake County, Utah Territory",,
"Summit, Iron County, Utah Territory",,
"Washington, Kane County, Utah Territory",,
"Ephraim Meeting House, Ephraim, Sanpete County, Utah Territory",,
"Fayette, Sanpete County, Utah Territory",,
"Unionville, Hartford County, Connecticut",,
"Jacobs Pool, Arizona Territory",,
"Soap Creek, Arizona Territory",,
"Willow Springs, Yavapai County, Arizona Territory",,
"Winsor Castle, Yavapai County, Arizona Territory",,
"Badger Creek, Yavapai County, Arizona Territory",,
"Assembly Hall, Manti, Sanpete County, Utah Territory",,
"Little Colorado River, Arizona Territory",,
"Moenkopi Wash, Arizona Territory",,
"Black Falls, Yavapai County, Arizona Territory",,
"Grand Falls, Yavapai County, Arizona Territory",,
"Salt River Valley, Arizona Territory",,
"Weber Stake Tabernacle, Ogden, Weber County, Utah Territory",,
"Woodruff, Apache County, Arizona Territory",,
"Rio Grande River, United States",,
"Gunnison River, United States",,
"Richfield, Conejos County, Colorado",,
"Ephraim, Conejos County, Colorado",,
"Liberty Park, Salt Lake City, Salt Lake County, Utah Territory",,
"Social Hall, Salt Lake City, Salt Lake County, Utah Territory",,
Arkansas,,
North Carolina,,
Ohio,,
South Carolina,,
Virginia,,
Mississippi,,
Georgia,,
Louisiana,,
West Virginia,,
Maryland,,
"Garfield County, Utah Territory",,
"Moquis Pueblos, Arizona Territory",,
"Concho, Apache County, Arizona Territory",,
"Apache County, Arizona Territory",,
"Rush Valley, Tooele County, Utah Territory",,
"Walker, Yavapai County, Arizona Territory",,
"Forest Dale, Apache County, Arizona Territory",,
"Millville, Cochise County, Arizona Territory",,
"Pine Hill, Arizona Territory",,
"Oraibi, Apache County, Arizona Territory",,
"Round Valley, Rich County, Utah Territory",,
"Concho Lake, Apache County, Arizona Territory",,
"Zuni Pueblo, Valencia County, New Mexico Territory",,
"Aque Frio, Santa Fe County, New Mexico Territory",,
"Mesa Negra, Valencia County, New Mexico Territory",,
"Isleta Pueblo, Bernalillo County, New Mexico Territory",,
"Atrisco, Bernalillo County, New Mexico Territory",,
"McCartys, Valencia County, New Mexico Territory",,
"Cubero, Valencia County, New Mexico Territory",,
"Gallup, Bernalillo County, New Mexico Territory",,
"Round Valley, Maricopa County, Arizona Territory",,
"Show Low, Apache County, Arizona Territory",,
"Brigham City Bowery, Brigham City, Apache County, Arizona Territory",,
"Brigham City Mill, Brigham City, Apache County, Arizona Territory",,
"Silver Creek, Apache County, Arizona Territory",,
"Bush Valley Fort, Apache County, Arizona Territory",,
"Lincoln, Lancaster County, Nebraska",,
"Goosebury Springs, Yavapai County, Arizona Territory",,
"Laguña Creek, Yavapai County, Arizona Territory",,
"Tsegi Canyon, Yavapai County, Arizona Territory",,
"Flagstaff, Yavapai County, Arizona Territory",,
"Turkey Tanks, Yavapai County, Arizona Territory",,
"San Francisco Springs, Yavapai County, Arizona Territory",,
"Cataract Creek, Arizona Territory",,
"Moenkopi, Coconino County, Arizona Territory",,
"Tuba City, Yavapai County, Arizona Territory",,
"Lees Backbone, Yavapai County, Arizona Territory",,
"Navajo Springs, Arizona Territory",,
"Bitter Springs, Coconino County, Arizona Territory",,
"Johnson Run, Arizona Territory",,
"Buckskin Mountain, Arizona and Utah Territories",,
"House Rock Spring, Coconino County, Arizona Territory",,
"Lee County, Iowa",,
"St. George Temple Block, St. George, Washington County, Utah Territory",,
"Harrisburg, Kane County, Utah Territory",,
"York, Juab County, Utah Territory",,
"Council House, Salt Lake City, Salt Lake County, Utah Territory",,
"Salt Lake Theater, Salt Lake City, Salt Lake County, Utah Territory",,
"Mill Creek Canyon, Great Salt Lake County, Utah Territory",,
"Hudson River, New York",,
"New York Bay, New York",,
"Arch Street, Philadelphia, Philadelphia County, Pennsylvania",,
"Chestnut Street, Philadelphia, Philadelphia County, Pennsylvania",,
"Baltimore, Baltimore County, Maryland",,
"Chesapeake Bay, United States",,
"14th Ward School House, Great Salt Lake City, Great Salt Lake County, Utah Territory",,
"Springtown, Sanpete County, Utah Territory",,
"Moroni School House, Moroni, Sanpete County, Utah Territory",,
"Mount Pleasant Meeting House, Mount Pleasant, Sanpete County, Utah Territory",,
"Bristol, Gloucestershire, England",,
"Pettyville, Sanpete County, Utah Territory",,
"Parowan Tabernacle, Parowan, Iron County, Utah Territory",,
"Hurricane Hill, Utah Territory",,
"Paria, Kane County, Utah Territory",,
"St. George Opera House and Social Hall, St. George, Washington County, Utah Territory",,
"Kane, McKean County, Pennsylvania",,
"Virgin River, Utah Territory",,
"Middleton, Washington County, Utah Territory",,
"Point of the Mountain, Utah Territory",,
"Tooele County, Utah Territory",,
"Box Elder County Courthouse, Brigham City, Box Elder County, Utah Territory",,
"Panguitch Lake, Iron County, Utah Territory",,
"Beaver River, Utah Territory",,
"Utah Territorial Statehouse, Fillmore, Millard County, Utah Territory",,
Africa,,
"Washington, Washington County, Utah Territory",,
"St. George Sandstone Quarry, St. George, Washington County, Utah Territory",,
"Fourth Ward Schoolhouse, St. George, Washington County, Utah Territory",,
"Brigham Young Winter Home, St. George, Washington County, Utah Territory",,
"Price Settlement, Washington County, Utah Territory",,
"Montrose, Lee County, Iowa",,
"Price, Sanpete County, Utah Territory",,
"Far West Temple, Far West, Caldwell County, Missouri",,
"Westminster Abbey, Westminster, Middlesex, England",,
United States of America,,
"Corn Creek Fort, Millard County, Utah Territory",,
"Adobe Tabernacle, Salt Lake City, Salt Lake County, Utah Territory",,
"Silver Creek, unorganized U.S. Territory",,
"Otter Creek, Rich County, Utah Territory",,
"Big Creek River, Idaho Territory",,
"Walker House, Salt Lake City, Salt Lake County, Utah Territory",,
"Leigh, Gloucestershire, England",,
"Cambridge, Middlesex County, Massachusetts",,
"Braintree, Essex, England",,
Greece,,
"Rome, Lazio, Italy",,
"Hyrum, Cache County, Utah Territory",,
"Provo Canyon, Utah and Wasatch Counties, Utah Territory",,
"Almy, Uinta County, Wyoming Territory",,
"Brigham Young Family Cemetery, Salt Lake City, Salt Lake County, Utah Territory",,
"Mill Creek, Salt Lake County, Utah Territory",,
"Fort Herriman School House, Fort Herriman, Salt Lake County, Utah Territory",,
"West Monroe, Oswego County, New York",,
"City Creek Canyon, Great Salt Lake County, Utah Territory",,
"Union Square, Salt Lake City, Salt Lake County, Utah Territory",,
"Provo Woolen Mills, Provo, Utah County, Utah Territory",,
"14th Ward School House, Salt Lake City, Salt Lake County, Utah Territory",,
"Printing Office, Salt Lake City, Salt Lake County, Utah Territory",,
"Sage Creek, Rich County, Utah Territory",,
"Bear River Valley, United States",,
Iowa Territory,,
"New Britain, Hartford County, Connecticut",,
"Bear Lake, Idaho and Utah Territories",,
"Fish Haven, Oneida County, Idaho Territory",,
"Bloomington, Oneida County, Idaho Territory",,
"Montpelier, Oneida County, Idaho Territory",,
"Bennington, Oneida County, Idaho Territory",,
"Ovid, Oneida County, Idaho Territory",,
"Salt Lake Valley, Utah Territory",,
"Provo City Courthouse, Provo, Utah County, Utah Territory",,
"Copenhagen City, Denmark",,
"Fish Springs, Juab County, Utah Territory",,
"Logan Bowery, Logan, Cache County, Utah Territory",,
"Front of Yonge, Ontario, Canada",,
"Saint John, Saint John County, New Brunswick, British North America",,
"Christian County, Kentucky",,
"Ignaberga, Vestra Goinge, Kristianstad, Sweden",,
"Purley, Berkshire, England",,
"Skållerud, Älvsborg, Sweden",,
"Bredstrup, Nørre Nærå, Skam, Odense, Denmark",,
"Bodenham, Herefordshire, England",,
"Lanark, South Lanarkshire, Scotland",,
"Lincoln, Addison County, Vermont",,
"York, Livingston County, New York",,
"Corinne, Box Elder County, Utah Territory",,
"Owenton, Owen County, Kentucky",,
"Haddam, Middlesex County, Connecticut",,
Isle of Man,,
"Nottingham, Rockingham County, New Hampshire",,
"Ovid, Seneca County, New York",,
"Smithfield, City of London, England",,
"Bridgewater, Windsor County, Vermont",,
"Sumner County, Tennessee",,
"Framingham, Middlesex County, Massachusetts",,
"Amesville, Athens County, Ohio",,
"Colrain, Franklin County, Massachusetts",,
"Concord, Essex County, Vermont",,
"Montgomery, Hampden County, Massachusetts",,
"Wellingborough, Northamptonshire, England",,
"Wingham, Kent, England",,
"Northampton, Hampshire County, Massachusetts",,
"Hereford, Herefordshire, England",,
"City Hall, Great Salt Lake City, Great Salt Lake County, Utah Territory",,
"Temple Square, Great Salt Lake City, Great Salt Lake County, Utah Territory",,
Nevada Territory,,
"Carson Valley, Utah Territory",,
"Hams Fork, Utah Territory",,
"Green River, Sweetwater County, Wyoming Territory",,
"Fort Bridger, unorganized U.S. Territory",,
"Winter Quarters, unorganized U.S. Territory",,
"Echo Canyon, Summit County, Utah Territory",,
"Savannah, Chatham County, Georgia",,
"Fort Donelson, Stewart County, Tennessee",,
Egypt,,
Assyria,,
Canaan,,
"Isle of Patmos, Greece",,
"Venice, Veneto, Italy",,
"Berryville, Clarke County, Virginia",,
"Tithing Office, Great Salt Lake City, Great Salt Lake County, Utah Territory",,
"Charlestown, Jefferson County, Virginia",,
"Adobe Tabernacle, Great Salt Lake City, Great Salt Lake County, Utah Territory",,
"New Orleans, Louisiana",,
"Ruby Valley, Nevada Territory",,
"Social Hall, Great Salt Lake City, Great Salt Lake County, Utah Territory",,
"Coones Canyon, Great Salt Lake County, Utah Territory",,
Siam,,
"Carson Valley, Nevada Territory",,
"Kington Fort, Davis County, Utah Territory",,
"Endowment House, Great Salt Lake City, Great Salt Lake County, Utah Territory",,
Denmark,,
"Laramie, unorganized U.S. Territory",,
"Mountain Meadows Massacre Monument, Washington County, Utah Territory",,
"Salt Lake Theater, Great Salt Lake City, Great Salt Lake County, Utah Territory",,
"Wellsville, Cache County, Utah Territory",,
"Vicksburg, Warren County, Mississippi",,
"Mansfield, Richland County, Ohio",,
"Murfreesboro, Rutherford County, Tennessee",,
Oregon Territory,,
"E. T. City, Tooele County, Utah Territory",,
"Bowery, Great Salt Lake City, Great Salt Lake County, Utah Territory",,
"Willow Creek, Grand and Uintah Counties, Utah Territory",,
"Mountainville, Utah County, Utah Territory",,
"Weber Canyon, Weber County, Utah Territory",,
Washington Territory,,
"Fort Herriman, Great Salt Lake County, Utah Territory",,
"Round Valley, Millard and Sevier Counties, Utah Territory",,
"Vancouver Island, British North America",,
"Grafton, Kane County, Utah Territory",,
"Salt Creek, Grand County, Utah Territory",,
"Battle Creek, Utah County, Utah Territory",,
"Heberville, Utah County, Utah Territory",,
"Weber Valley, Weber County, Utah Territory",,
"Uinta Valley, Uinta County, Utah Territory",,
"Oahu, Kingdom of Hawaii",,
"Round Valley, Millard County, Utah Territory",,
"Fort Harmony, Washington County, Utah Territory",,
"Java, Indonesia",,
New Guinea,,
"Washington County, Utah Territory",,
"Seventies Hall, Great Salt Lake City, Great Salt Lake County, Utah Territory",,
"Des Moines, Polk County, Iowa",,
"Sicily, Italy",,
"Salt Lake County Courthouse, Great Salt Lake City, Great Salt Lake County, Utah Territory",,
"Kays Creek, Davis County, Utah Territory",,
"Pikes Peak, Kansas Territory",,
Maine,,
"St. Joseph, Buchanan County, Missouri",,
"Little Cottonwood, Great Salt Lake County, Utah Territory",,
"Soda Springs, Washington Territory",,
"Carson Sink, Utah Territory",,
"Charleston, Charleston County, South Carolina",,
"Richmond, Wayne County, Virginia",,
"Cedar County, Utah Territory",,
"Union Fort, Great Salt Lake County, Utah Territory",,
"Platte River, unorganized U.S. territory",,
"Fairfield, Utah County, Utah Territory",,
"Ogden Hole, Weber County, Utah Territory",,
Florida,,
Malay Islands,,
Singapore,,
Polynesia,,
"Fort Kearny, unorganized U.S. Territory",,
"Great Salt Lake County, Utah Territory",,
"Lion House, Great Salt Lake City, Great Salt Lake County, Utah Territory",,
"Broadway, New York City, New York County, New York",,
Italy,,
"Florence, Douglas County, Nebraska Territory",,
"Grass Creek, Summit County, Utah Territory",,
"North Ogden, Weber County, Utah Territory",,
"Waddington, Lancashire, England",,
"Chicken Creek, Juab and Sanpete Counties, Utah Territory",,
"Cedar Springs, Millard County, Utah Territory",,
"Grafton, Washington County, Utah Territory",,
"Adventure, Washington County, Utah Territory",,
"Tonaquint, Washington County, Utah Territory",,
"Gunlock Fort, Washington County, Utah Territory",,
"Pinto Valley, Washington County, Utah Territory",,
India,,
"Sweetwater River, Nebraska Territory",,
"Scotts Bluff, unorganized U.S. Territory",,
"Platte River, Nebraska Territory",,
"Keokuk, Lee County, Iowa",,
"Kanesville, Pottawattamie County, Iowa",,
"Fort Supply, Green River County, Utah Territory",,
"Taylorsville, Salt Lake County, Utah Territory",,
"Hancock County, Illinois",,
"Carthage, Hancock County, Illinois",,
"Warsaw, Hancock County, Illinois",,
"Appanoose Township, Hancock County, Illinois",,
"Pontoosuc, Hancock County, Illinois",,
"Keg Creek, Mills, Pottawattamie, Harrison and Shelby Counties, Iowa",,
"Westminster, London, Middlesex, England",,
"Ash Hollow, Garden County, Nebraska Territory",,
Norway,,
Iceland,,
"Richland, Oswego County, New York",,
"Lombardy, Italy",,
"Johnsons Settlement, Tooele County, Utah Territory",,
"La Moille, Bureau County, Illinois",,
"Kansas City, Jackson County, Missouri",,
"Mosquito Coast, Nicaragua",,
Arkansas Territory,,
black bear,,
Austria,,
"Portland, Cumberland County, Maine",,
"Shambip County, Utah Territory",,
"Lake Superior, British North America and United States",,
"Rochester, Monroe County, New York",,
"Lake City, Utah County, Utah Territory",,
"Fort Leavenworth, Leavenworth County, Kansas Territory",,
"Benson Grist Mill, Tooele County, Utah Territory",,
"Old Barracks, Camp Rush Valley, Tooele County, Utah Territory",,
"Dixon, Lee County, Illinois",,
"Provo Bench, Utah County, Utah Territory",,
Newfoundland,,
"Fort Laramie, unorganized U.S. Territory",,
"Chimney Rock, Nebraska Territory",,
"Pond Town, Utah County, Utah Territory",,
North America,,
South America,,
"Dry Creek Canyon, Utah County, Utah Territory",,
"Fort Limhi, Oregon Territory",,
"Salmon River, Oregon Territory",,
Kansas Territory,,
"Fort Hall, Idaho Territory",,
Pacific Ocean,,
"Canton, Hartford County, Connecticut",,
"Eagle Creek, Benton County, Tennessee",,
"Little Rock, Pulaski County, Arkansas Territory",,
"Memphis, Shelby County, Tennessee",,
"Dresden, Weakley County, Tennessee ",,
Siberia,,
"Wind River Range, unorganized U.S. Territory",,
"Las Vegas Valley, New Mexico Territory",,
"Bay of San Francisco, Mexican Cession Territory",,
"Sacramento Valley, Mexican Cession Territory",,
"Lyndon, Caledonia County, Vermont",,
Mexican Cession Territory,,
"Peterborough, Hillsborough County, New Hampshire",,
"Lowell, Middlesex County, Massachusetts",,
Massachusetts,,
"Walpole, Cheshire County, New Hampshire",,
"Gilsum, Cheshire County, New Hampshire",,
"Acworth, Sullivan County, New Hampshire",,
"Fall River, Bristol County, Massachusetts",,
"Bedeque, Prince County, Prince Edward Island, British North America",,
"Halifax, County of Halifax, Nova Scotia, British North America",,
"Edinburgh, Edinburghshire, Scotland",,
"Saco, York County, Maine",,
"New Bedford, Bristol County, Massachusetts",,
"Charlottetown, Queens County, Prince Edward Island, British North America",,
"Lake Cochituate, Massachusetts",,
"Fair Haven, New Haven, New Haven County, Connecticut",,
"Salem, Essex County, Massachusetts",,
"North Haven, New Haven County, Connecticut",,
"Annapolis, Anne Arundel County, Maryland",,
"Stamford, Fairfield County, Connecticut",,
"Norwalk, Fairfield County, Connecticut",,
New Jersey,,
"Brooklyn, Kings County, New York",,
"Hempstead, Nassau County, New York",,
"Newark, Essex County, New Jersey",,
Delaware,,
"Montreal, Canada East, British North America",,
"Worcester, Worcester County, Massachusetts",,
"Pearl Street, New York City, New York County, New York",,
"Northbridge, Worcester County, Massachusetts",,
"Wilton, Franklin County, Maine",,
"Gray, Cumberland County, Maine",,
"St. George, Knox County, Maine",,
"New Gloucester, Cumberland County, Maine",,
"Auburn, Cumberland County, Maine",,
"Turner, Cumberland County, Maine",,
"Livermore, Kennebec County, Maine",,
"Jay, Franklin County, Maine",,
"Spruce Mountain, Jay, Franklin County, Maine",,
"Bradford, Essex County, Massachusetts",,
"Haverhill, Essex County, Massachusetts",,
"Buffalo, Erie County, New York",,
"Schenectady, Schenectady County, New York",,
"Lake Michigan, United States",,
"Mackinaw City, Cheboygan and Emmet Counties, Michigan",,
"Miramichi, Northumberland County, New Brunswick, British North America",,
"Milwaukee, Milwaukee County, Wisconsin Territory",,
"Peoria, Peoria County, Illinois",,
"Peru, LaSalle County, Illinois",,
"LaSalle, LaSalle County, Illinois",,
"Alton, Madison County, Illinois",,
"Nauvoo Masonic Lodge, Nauvoo, Hancock County, Illinois",,
"Garden Grove, Decatur County, Iowa",,
"Mount Pisgah, Union County, Iowa",,
"Soap Creek, Davis County, Iowa",,
"Bonaparte, Van Buren County, Iowa",,
"Stringtown, Iowa Territory",,
"Farmington, Van Buren County, Iowa Territory",,
"Indiantown, Iowa Territory",,
"Sand Stone Spring, Iowa Territory",,
"Evens Camp, Iowa Territory",,
"Kanesville Tabernacle, Kanesville, Pottawattamie County, Iowa",,
"Big Pigeon Creek, Pottawattamie County, Iowa",,
"Cold Springs, unorganized U.S. Territory",,
"Elkhorn River, unorganized U.S. Territory",,
"Carterville, Pottawattamie County, Iowa",,
"Pottawattamie County, Iowa",,
"Iowa City, Johnson County, Iowa",,
"Council Point, Pottawattamie County, Iowa",,
"National Gallery, Westminster, Middlesex, England",,
"Rollins Settlement, Pottawattamie County, Iowa",,
"Council House, Winter Quarters, unorganized U.S. Territory",,
"Shell Creek, Nebraska Territory",,
"Loup Fork, Nebraska Territory",,
"Pawnee Missionary Station, Nebraska Territory",,
"Grand Island, Hall County, unorganized U.S. Territory",,
"Bitter Creek, unorganized U.S. Territory",,
"Independence Rock, unorganized U.S. Territory",,
"Sweetwater River, unorganized U.S. Territory",,
"Fort John, unorganized U.S. Territory",,
"Big Sandy River, unorganized U.S. Territory",,
"Little Sandy Creek, unorganized U.S. Territory",,
"Bear River Valley, unorganized U.S. Territory",,
"Fort Pueblo, unorganized U.S. Territory",,
"Montrose, Lee County, Iowa Territory",,
"Ensign Peak, Utah Territory",,
"Black Hills, Nebraska Territory",,
"Donner-Reed Pass, Utah Territory",,
"Preston, Lancashire, England",,
"Blacks Fork, unorganized U.S. Territory",,
"Muddy Fork, unorganized U.S. Territory",,
"Fremont, Unorganized U.S. Territory",,
"Dividing Ridge, unorganized U.S. Territory",,
"Muddy Creek, unorganized U.S. Territory",,
"Table Mountain, unorganized U.S. Territory",,
"Willow Springs, unorganized U.S. Territory",,
"Farmington River, Hartford County, Connecticut",,
"La Prele Creek, unorganized U.S. Territory",,
"Greenwich, Kent, England",,
"Laramie Peak, unorganized U.S. Territory",,
"Horseshoe Creek, unorganized U.S. Territory",,
"La Bonte Creek, unorganized U.S. Territory",,
"Oregon Trail, Nebraska Territory",,
"Rawhide Creek, Nebraska Territory",,
"Ash Creek, Nebraska Territory",,
"Castle Creek, Nebraska Territory",,
"Cedar Bluffs, Saunders County, Nebraska Territory",,
"Wood Creek, Nebraska Territory",,
Wisconsin Territory,,
"Cottonwood Heights, Great Salt Lake County, Utah Territory",,
"Henderson, Jefferson County, New York",,
British Isles,,
Temple in Jerusalem,,
Syria,,
Asia,,
"Millcreek Canyon, Salt Lake County, Utah Territory",,
"Utah Valley, Utah County, Utah Territory",,
"Summit Creek, Woodland Hills, Utah County, Utah Territory",,
"Spring Creek, Springville, Utah County, Utah Territory",,
"Red Creek, Iron County, Utah Territory",,
"Little Salt Lake Valley, Iron County, Utah Territory",,
"Pine Creek, Beaver County, Utah Territory",,
"Hobble Creek, Utah County, Utah Territory",,
"Canal Creek, Sanpete County, Utah Territory",,
"Loup River, Nebraska Territory",,
"Clear Creek, Nebraska Territory",,
"Beaver Creek, unorganized U.S. Territory",,
"Looking Glass Creek, Nebraska Territory",,
"Rock Ferry, Birkenhead, Cheshire, England",,
"Mosquito Creek, Iowa",,
"El Paso del Norte, Chihuahua, Mexico",,
"Green River County, Utah Territory",,
"Nauvoo House, Nauvoo, Hancock County, Illinois",,
"Geauga County, Ohio",,
"Little Salt Lake, Iron County, Utah Territory",,
"Mount Nebo, Utah Territory",,
"Salt Creek Canyon, Utah Territory",,
"Bethlehem, Unorganized County, Iowa",,
"Greasewood Creek, unorganized U.S. Territory",,
"Salt Lake Valley, Mexican Cession Territory",,
"Plum Creek, unorganized U.S. Territory",,
"Lane End, Staffordshire, England",,
"Salt Creek, unorganized U.S. Territory",,
"Harwich, Barnstable County, Massachusetts",,
"Pittsburgh, Allegheny County, Pennsylvania",,
"Weston, Platte County, Missouri",,
"Jefferson City, Cole County, Missouri",,
"Bloomfield, Stoddard County, Missouri",,
"Paducah, McCracken County, Kentucky",,
"Louisville, Jefferson County, Kentucky",,
"Ohio River, United States",,
"Hollidaysburgh, Blair County, Pennsylvania",,
"New Brunswick, British North America",,
"Prince Edward Island, British North America",,
"Watertown, Jefferson County, New York",,
"Naugatuck, New Haven County, Connecticut",,
"Wallingford, New Haven County, Connecticut",,
"Staten Island, Richmond County, New York",,
"New Egypt, Ocean County, New Jersey",,
"Hornerstown, Monmouth County, New Jersey",,
"Freehold Township, Monmouth County, New Jersey",,
"Bloomfield, Essex County, New Jersey",,
"Toms River, Ocean County, New Jersey",,
"Haverstraw, Rockland County, New York",,
"Beverly, Burlington County, New Jersey",,
"Boardentown, Burlington County, New Jersey",,
"Somerville, Somerset County, New Jersey",,
"Girard College, Philadelphia, Philadelphia County, Pennsylvania",,
"Fair Hill, Cecil County, Maryland",,
"Wilmington, New Castle County, Delaware",,
"Newark, New Castle County, Delaware",,
"Turkeytown, Cecil County, Maryland",,
"Danielson, Windham County, Connecticut",,
"Norwich, New London County, Connecticut",,
"Willimantic, Windham County, Connecticut",,
"Cape Cod, Barnstable County, Massachusetts",,
David Robbins,,
"Dennis, Barnstable County, Massachusetts",,
"Cohasset, Norfolk County, Massachusetts",,
"Millbury, Worcester County, Massachusetts",,
"Boston Common, Boston, Suffolk County, Massachusetts",,
"Mount Auburn Cemetery, Cambridge, Middlesex County, Massachusetts",,
"Charlestown, Middlesex County, Massachusetts",,
"Georgetown, Essex County, Massachusetts",,
"Newburyport, Essex County, Massachusetts",,
"Brighton, Suffolk County, Massachusetts",,
"Plum Island, Essex County, Massachusetts",,
"Eastport, Washington County, Maine",,
"Bangor, Penobscot County, Maine",,
"Shediac, Westmorland County, New Brunswick, British North America",,
"Miramichi River, Northumberland County, New Brunswick, British North America",,
"Chatham, Northumberland County, New Brunswick, British North America",,
"Kouchibouguac, Kent County, New Brunswick, British North America",,
"Richibucto, Kent County, New Brunswick, British North America",,
"Bouctouche, Kent County, New Brunswick, British North America",,
"Cocagne, Kent County, New Brunswick, British North America",,
"Beaubears Island, Northumberland County, New Brunswick, British North America",,
"Newcastle, Miramichi, Northumberland County, New Brunswick, British North America",,
"Fredericton, York County, New Brunswick, British North America",,
"Saint John River, New Brunswick, British North America",,
"Machias, Washington County, Maine",,
"Beaver Harbour, Charlotte County, New Brunswick, British North America",,
"Pennfield, Charlotte County, New Brunswick, British North America",,
"Thomaston, Knox County, Maine",,
"Winter Harbor, Hancock County, Maine",,
"Mosquito Harbor, Hancock County, Maine",,
"Camden, Knox County, Maine",,
"East Thomaston, Knox County, Maine",,
"Goose River, Knox County, Maine",,
"Turkey Cove, Knox County, Maine",,
"Vinalhaven, Waldo County, Maine",,
"North Fox Island, Waldo County, Maine",,
"South Fox Island, Waldo County, Maine",,
"Guna Yala, Panama Province, Republic of New Granada",,
"Cheshire, New Haven County, Connecticut",,
"Waterbury, New Haven County, Connecticut",,
"Waterville, Waterbury, New Haven County, Connecticut",,
"Bordentown, Burlington County, New Jersey",,
"Manchester Township, Ocean County, New Jersey",,
"Arnytown, Burlington County, New Jersey",,
"Beverly, Essex County, Massachusetts",,
"Jacobstown, Burlington County, New Jersey",,
"Chesterfield Township, Burlington County, New Jersey",,
"Delaware River, United States",,
"Springfield, Hampden County, Massachusetts",,
"Chagres, Panama Province, Republic of New Granada",,
"Bunker Hill Monument, Charlestown, Middlesex County, Massachusetts",,
Panama,,
"Portsmouth, Newport County, Rhode Island",,
"Taunton, Bristol County, Massachusetts",,
"Wheeling, Ohio County, Virginia",,
"Reading, Middlesex County, Massachusetts",,
"West Newbury, Essex County, Massachusetts",,
"Turkey Creek, unorganized U.S. Territory",,
"Westfield, Hampden County, Massachusetts",,
"Elk Horn, Pottawattamie County, Iowa Territory",,
"Grand River, Iowa and Missouri",,
"Bloomfield, Davis County, Iowa",,
"Des Moines River, United States",,
"Fox River, Illinois",,
"Charleston Township, Lee County, Iowa Territory",,
"Louisville, Clay County, Illinois",,
"Brownsville, Fayette County, Pennsylvania",,
"Cumberland, Allegany County, Maryland",,
"New Boston, Wayne County, Michigan",,
"Fire Island, Suffolk County, New York",,
Tartary,,
"Bath, Somerset, England",,
"Farrington Gurney, Somerset, England",,
"Somerset, England",,
"Flushing, New York City, Queens County, New York",,
"Cape Clear Island, County Cork, Ireland",,
"Mersey River, England",,
"Birmingham, Warwickshire, England",,
"Greenock, Renfrewshire, Scotland",,
"Commerce, Hancock County, Illinois",,
"Leamington, Warwickshire, England",,
"Warwick Castle, Warwick, Warwickshire, England",,
"Tranmere, Merseyside, England",,
"Newton-in-Makerfield, Lancashire, England",,
"Stockport, Cheshire, England",,
"Bolton, Lancashire, England",,
"Radcliffe, Lancashire, England",,
"Bury, Lancashire, England",,
"Oldham, Lancashire, England",,
"Ashton-under-Lyne, Lancashire, England",,
"Breightmet, Lancashire, England",,
"Crompton, Lancashire, England",,
"Didsbury, Lancashire, England",,
"Dukinfield, Cheshire, England",,
"Eccles, Lancashire, England",,
"Edgworth, Lancashire, England",,
"Haslington, Cheshire, England",,
"Leigh, Lancashire, England",,
"Little Heaton, Lancashire, England",,
"Middleton, Lancashire, England",,
"Mottram, Cheshire, England",,
"Newton Moor, Cheshire, England",,
"Pendlebury, Lancashire, England",,
"Rochdale, Lancashire, England",,
"Tottington, Lancashire, England",,
"Whitefield, Lancashire, England",,
"Crossmore, Lancashire, England",,
"Leyland, Lancashire, England",,
"Longton, Lancashire, England",,
"Kendal, Westmorland, England",,
"Southport, Lancashire, England",,
"Euxton, Lancashire, England",,
"Heskin, Lancashire, England",,
"Holme, Westmorland, England",,
"Hunters Hill, Wrightington, Lancashire, England",,
"Lancaster, Lancashire, England",,
"Brigsteer, Westmorland, England",,
"Clarence Dock, Vauxhall, Lancashire, England",,
"Chesterfield, Derbyshire, England",,
"Doncaster, Yorkshire, England",,
"Grindley, Staffordshire, England",,
"Mattersey, Nottinghamshire, England",,
"Woodhouse Ward, Yorkshire, England",,
"Warrington, Lancashire, England",,
"Frankfort, Franklin County, Kentucky",,
"Long Island, Queens County, New York",,
"Bingham Canyon, Salt Lake County, Utah Territory",,
"Sugar House, Great Salt Lake City, Great Salt Lake County, Utah Territory",,
"Bingham Canyon, Great Salt Lake County, Utah Territory",,
Kingdom of Hawaii,,
"Petersburg, Millard County, Utah Territory",,
"Wilton, Wiltshire, England",,
"West Jordan, Great Salt Lake County, Utah Territory",,
"Bowery, Box Elder County, Utah Territory",,
"Springfield, Sangamon County, Illinois",,
"Iona Island, Rockland County, New York",,
"Peekskill, Westchester County, New York",,
"Coones Canyon, Salt Lake County, Utah Territory",,
"Berlin, Hartford County, Connecticut",,
"Simsbury, Hartford County, Connecticut",,
"Lynn, Essex County, Massachusetts",,
"Limerick, York County, Maine",,
"Marblehead, Essex County, Massachusetts",,
"Lick House, San Francisco, San Francisco County, California",,
"Carlin, Elko County, Nevada",,
"American River, California",,
"Cape Horn, Placer County, California",,
"Humboldt Valley, Humboldt County, Nevada",,
"Palisade Canyon, Lander County, Nevada",,
"Truckee, Nevada County, California",,
"Cassello, Lake County, Indiana",,
"Providence, Cache County, Utah Territory",,
"Centre Station, Tooele County, Utah Territory",,
"Faust Station, Tooele County, Utah Territory",,
"Townsend House, Salt Lake City, Salt Lake County, Utah Territory",,
Montana,,
"Blackfoot River, Oneida County, Idaho Territory",,
"Clifton, Oneida County, Idaho Territory",,
"Weston, Oneida County, Idaho Territory",,
"Clarkston, Cache County, Utah Territory",,
"Bear River City, Box Elder County, Utah Territory",,
"Portage, Box Elder County, Utah Territory",,
"Malad City, Oneida County, Idaho Territory",,
"Laramie, Wyoming Territory",,
"Fort Douglas, Salt Lake City, Salt Lake County, Utah Territory",,
"St. Charles, St. Charles County, Missouri",,
"Onondaga, Onondaga County, New York",,
"Heber City Bowery, Heber City, Wasatch County, Utah Territory",,
"Swan Creek, Rich County, Utah Territory",,
"Blacks Fork, Utah Territory",,
"Hertfordshire, England",,
"Bennington, Kane County, Utah Territory",,
Nebraska Territory,,
"North Weber, Davis County, Utah Territory",,
"Palmyra, Utah County, Utah Territory",,
"Beaver Valley, Iron County, Utah Territory",,
"Uinta Springs, Utah Territory",,
"Hiram, Portage County, Ohio",,
"Salem, Washington County, New York",,
"Portsmouth, Rockingham County, New Hampshire",,
"Kennebunk, York County, Maine",,
"Chesterwoods, Maine",,
"Nauvoo Provision Store, Nauvoo, Hancock County, Illinois",,
"Staffordshire Potteries, Staffordshire, England",,
"Ramus, Hancock County, Illinois",,
"Garway, Herefordshire, England",,
"Zarahemla, Lee County, Iowa Territory",,
"Monmouth, Warren County, Illinois",,
"Naperville, DuPage and Will Counties, Illinois",,
"Blackberry Creek, Illinois",,
"Ellison Creek, Illinois",,
"Hopper, Henderson County, Illinois",,
"Indian Creek, Illinois",,
"Little Rock Creek, Illinois",,
"Princeville, Peoria County, Illinois",,
"Somonauk Creek, Illinois",,
"Princeton, Bureau County, Illinois",,
"Dover, Bureau County, Illinois",,
"Knoxville, Knox County, Illinois",,
"Coldbrook, Warren County, Illinois",,
"South Henderson Creek, Illinois",,
"Spoon River, Illinois",,
"Big Rock Creek, Kendall County, Illinois",,
"Big Bureau Creek, Bureau County, Illinois",,
"DeKalb County, Illinois",,
"Des Plaines River, Illinois",,
"Greenfield, Greene County, Illinois",,
"Kane County, Illinois",,
"Princes Grove, Peoria County, Illinois",,
"Stephenson County, Illinois",,
"Racine, Racine County, Wisconsin Territory",,
"Manitou Islands, Lake Michigan, Leelanau County, Michigan",,
"Paw Paw, Lee County, Illinois",,
"Kendall County, Illinois",,
"St. Clair River, Michigan",,
"Straits of Mackinac, Michigan",,
"Lake Huron, United States",,
"Lake St. Clair, United States",,
"Lockport, Niagara County, New York",,
"Goat Island, Niagara Falls, New York",,
"Rome, Oneida County, New York",,
"West Point, New York",,
"Setauket, Suffolk County, Long Island, New York",,
"Beaver, Beaver County, Pennsylvania",,
"Allegheny Mountains, United States",,
"Juniata River, Pennsylvania",,
"Keene, Cheshire County, New Hampshire",,
"Harrisburg, Dauphin County, Pennsylvania",,
"Strasburgh, Lancaster County, Pennsylvania",,
"Paradise, Lancaster County, Pennsylvania",,
"Westville, New Haven, New Haven County, Connecticut",,
"Crooked River, Plymouth County, Massachusetts",,
"Chelsea, Suffolk County, Massachusetts",,
"Wolverhampton, Staffordshire, England",,
"Stafford, Staffordshire, England",,
"West Bromwich, West Midlands, England",,
"Burslem, Staffordshire, England",,
"Stoke-Upon-Trent, Staffordshire, England",,
"Hanley, Staffordshire, England",,
"Hillsborough, County Down, Ireland",,
"Stokes Lane, Herefordshire, England",,
"Tunstall, Staffordshire, England",,
"Baddeley Edge, Staffordshire, England",,
"Leek, Staffordshire, England",,
"Newcastle-under-Lyme, Staffordshire, England",,
"Worcester, Worcestershire, England",,
"Utica, Oneida County, New York",,
"Paris, Edgar County, Illinois",,
"Rochester, Sangamon County, Illinois",,
"Illinois River, Illinois",,
"Terre Haute, Vigo County, Indiana",,
"Richmond, Wayne County, Indiana",,
"Centerville, Wayne County, Indiana",,
"Indianapolis, Marion County, Indiana",,
"Louisville, Henry County, Indiana",,
"Knightstown, Henry County, Indiana",,
"Greenfield, Hancock County, Indiana",,
"Cumberland, Hancock and Marion Counties, Indiana",,
"Manhattan, Putnam County, Indiana",,
"Eaton, Preble County, Ohio",,
"Dayton, Montgomery County, Ohio",,
"Columbus, Franklin County, Ohio",,
"Jeffersonville, Fayette County, Ohio",,
"London, Madison County, Ohio",,
"South Charleston, Clark County, Ohio",,
"Xenia, Greene County, Ohio",,
"Wooster, Wayne County, Ohio",,
"Loudonville, Ashland and Holmes Counties, Ohio",,
"Amity, Knox County, Ohio",,
"Mount Vernon, Knox County, Ohio",,
"Centerburg, Knox County, Ohio",,
"Sunbury, Delaware County, Ohio",,
"Blendon Township, Franklin County, Ohio",,
"Washington Township, Holmes County, Ohio",,
"New Portage, Medina County, Ohio",,
"Chardon, Geauga County, Ohio",,
"Painesville, Lake County, Ohio",,
"Conneaut, Ashtabula County, Ohio",,
"Ashtabula, Ashtabula County, Ohio",,
"Elk Creek, Erie County, Pennsylvania",,
"Concord, Lake County, Ohio",,
"Mantua, Portage County, Ohio",,
"Ravenna, Portage County, Ohio",,
"Franklin Township, Portage County, Ohio",,
"Farmington Township, Trumbull County, Ohio",,
"Middlebury, Van Wert County, Ohio",,
"Bath, Medina County, Ohio",,
"North Springfield, Erie County, Pennsylvania",,
"Cattaraugus County, New York",,
"Westfield, Chautauqua County, New York",,
"Erie, Erie County, Pennsylvania",,
"Fredonia, Chautauqua County, New York",,
"Pomfret, Chautauqua County, New York",,
"Portland, Chautauqua County, New York",,
"North East, Erie County, Pennsylvania",,
"Mill Creek, Huntingdon County, Pennsylvania",,
"Palmyra, Wayne County, New York",,
"Syracuse, Onondaga County, New York",,
"Batavia, Genesee County, New York",,
"Phelps, Ontario County, New York",,
"Manchester, Ontario County, New York",,
"Canandaigua, Ontario County, New York",,
"Bloomfield, Ontario County, New York",,
"Lima, Livingston County, New York",,
"Avon, Livingston County, New York",,
"Le Roy, Genesee County, New York",,
"Stafford, Genesee County, New York",,
"Williamsville, Erie County, New York",,
"Fairport, Monroe County, New York",,
"Hamburg, Erie County, New York",,
"Evans, Erie County, New York",,
"Groton, Middlesex County, Massachusetts",,
"Townsend, Middlesex County, Massachusetts",,
"Ashby, Middlesex County, Massachusetts",,
"Ashburnham, Worcester County, Massachusetts",,
"Richmond, Cheshire County, New Hampshire",,
"Winchester, Cheshire County, New Hampshire",,
"Brattleboro, Windham County, Vermont",,
"Bennington, Bennington County, Vermont",,
"Hoosick, Rensselaer County, New York",,
"Mohawk River, New York",,
"Amsterdam, Montgomery County, New York",,
"Frankfort, Herkimer County, New York",,
"Westmoreland, Oneida County, New York",,
"Fitzwilliam, Cheshire County, New Hampshire",,
"Wells, York County, Maine",,
"York, York County, Maine",,
"Rye, Rockingham County, New Hampshire",,
"Hampton, Rockingham County, New Hampshire",,
"Andover, Essex County, Massachusetts",,
"Buxton, York County, Maine",,
"Tennessee River, United States",,
"Damon Creek, Calloway County, Kentucky",,
"Feliciana, Graves County, Kentucky",,
"Blood River, Calloway County, Kentucky",,
"Nashville, Davidson County, Tennessee",,
"Texas, Henry County, Tennessee",,
"Paris, Henry County, Tennessee",,
"Graves County, Kentucky",,
"Mayfield, Graves County, Kentucky",,
"Little Obion Creek, Graves County, Kentucky",,
"Benton County, Tennessee",,
"Calloway County, Kentucky",,
"Henry County, Tennessee",,
"Cyprus, Benton County, Tennessee",,
"Blood River, Henry County, Tennessee",,
"Chalk Level, Benton County, Tennessee",,
"Terrapin Creek, Trigg County, Kentucky",,
"Sulphur Wells Academy, Henry County, Tennessee",,
"Sandy River, Kentucky",,
"Clarks River, Calloway County, Kentucky",,
"Wadesboro, Calloway County, Kentucky",,
"Paryville, Boyle County, Kentucky",,
"Concord, Lewis County, Kentucky",,
"Terrapin, Calloway County, Kentucky",,
"Red Brick Store, Nauvoo, Hancock County, Illinois",,
"Nauvoo Printing Office, Nauvoo, Hancock County, Illinois",,
"Hamilton, Hancock County, Illinois",,
"St James Park, Westminster, Middlesex, England",,
"Buckingham Palace, Westminster, Middlesex, England",,
"London Bridge, London, Middlesex, England",,
"Tower of London, London, Middlesex, England",,
"Islington, Middlesex, England",,
"River Thames, England",,
"Whitechapel, London, Middlesex, England",,
"Ipswich, Suffolk, England",,
"Dymock, Gloucestershire, England",,
"Colebrook, Litchfield County, Connecticut",,
"Comstock, Kalamazoo County, Michigan",,
"Fairport Harbor, Lake County, Ohio",,
"Galena, Jo Daviess County, Illinois",,
"La Harpe, Hancock County, Illinois",,
"Black Rock, Buffalo County, New York",,
"Canaan, Litchfield County, Connecticut",,
"New Hartford, Litchfield County, Connecticut",,
"Jackson County, Michigan",,
"Drewsville, Cheshire County, New Hampshire",,
"Ottawa, LaSalle County, Illinois",,
"La Porte, La Porte County, Indiana",,
"Franklin, Oakland County, Michigan",,
"Royal Oak, Oakland County, Michigan",,
"Juliet, Will County, Illinois",,
"Welland Canal, Canada West, British North America",,
"Jackson, Jackson County, Michigan",,
"Aurora, Kendall County, Illinois",,
"Troy, Rensselaer County, New York",,
"Providence, Providence County, Rhode Island",,
Tahiti,,
"Stonington, New London County, Connecticut",,
"Nashua, Hillsborough County, New Hampshire",,
"Middletown Point, Monmouth County, New Jersey",,
"Rockaway, Queens County, New York",,
"Greenwich Point, Greenwich, Fairfield County, Connecticut",,
"Henderson County, Tennessee",,
"Thompson Creek, Weakley County, Tennessee",,
"Weakley County, Tennessee",,
"Sulphur Well, Metcalfe County, Kentucky",,
"Wyetts Mills, Calloway County, Tennessee",,
"Sulphur Springs, Ohio County, Kentucky",,
"Boydsville, Weakley County, Tennessee ",,
"Trenton, Gibson County, Tennessee",,
"Gibson County, Tennessee",,
"Thomas Wynns Ferry, Stewart County, Tennessee",,
"Rolling Mill, Stewart County, Tennessee",,
"Carroll County, Tennessee",,
"McCracken County, Kentucky",,
"Dover, Stewart County, Tennessee",,
"Stony Brook, Suffolk County, Long Island, New York",,
"Canton, Guangdong Province, China",,
"Peck Slip, New York City, Kings County, New York",,
"Castle Frome, Herefordshire, England",,
"Pope County, Arkansas Territory",,
"Crawford County, Arkansas Territory",,
"Scott County, Arkansas Territory",,
"Frog Bayou, Crawford County, Arkansas Territory",,
"White Oak Creek, Crawford County, Arkansas Territory",,
"Washington County, Arkansas Territory",,
"Fayetteville, Washington County, Arkansas Territory",,
"Barry County, Missouri",,
"Greene County, Missouri",,
"Shoal Creek, Missouri",,
"Spring River, Missouri",,
"Osage River, Missouri",,
"Polk County, Missouri",,
"Sac River, Missouri",,
"Liberty, Clay County, Missouri",,
"Louisiana, Pike County, Missouri",,
"Salt River, Missouri",,
"Bellefontaine, Logan County, Ohio",,
"Urbana, Champaign County, Ohio",,
"Springfield, Clark County, Ohio",,
"Dublin, Wayne County, Indiana",,
"Raysville, Henry County, Indiana",,
"Greenville, Floyd County, Indiana",,
"Greencastle, Putnam County, Indiana",,
"Jacksonville, Morgan County, Illinois",,
"Atlas, Pike County, Illinois",,
"Clinton, Vermillion County, Indiana",,
"Unionville, Ashtabula County, Ohio",,
"Streetsboro, Portage County, Ohio",,
"Galion, Crawford County, Ohio",,
"Bucyrus, Crawford County, Ohio",,
"Little Sandusky, Wyandot County, Ohio",,
"Woolwich, Kent, England",,
"Pentonville, London, Middlesex, England",,
"Cheshire, England",,
"Clitheroe, Lancashire, England",,
"Carlisle, Cumberland, England",,
"Dumfries, Dumfries and Galloway, Scotland",,
"Alston, Cumberland, England",,
"Newcastle upon Tyne, Northumberland, England",,
"Sunderland, County Durham, England",,
"Brampton, Cumberland, England",,
"Port Carlisle, Cumberland, England",,
"Lima, Adams County, Illinois",,
"Greets Green, West Bromwich, West Midlands, England",,
"Fromes Hill, Herefordshire, England",,
"Ledbury, Herefordshire, England",,
"Gadfield Elm, Worcestershire, England",,
"Little Garway, Herefordshire, England",,
"Lugwardine, Herefordshire, England",,
"Dunns Close, Herefordshire, England",,
"Brangreen, Newent, Gloucestershire, England",,
"Stanley Hill, Bosbury, Herefordshire, England",,
"Wind Point, Colwall, Herefordshire, England",,
"Moorends Cross, Malton, Worcestershire, England",,
"Bishops Frome, Herefordshire, England",,
"Marden, Herefordshire, England",,
"Ridgeway Cross, Herefordshire, England",,
"Shucknall Hill, Herefordshire, England",,
"Wofferwood Common, Herefordshire, England",,
"Malvern Hill, Worcestershire, England",,
"Rough Leasowe, Worcestershire, England",,
"Birchwood, Warrington, England",,
"Crowcroft, Herefordshire, England",,
"Old Storridge Common, Alfrick, Worcestershire, England",,
"Tundridge, Suckley parish, Worcestershire, England",,
"Pale House, Wyche, Worcestershire, England",,
"Ashfield, Worcestershire, England",,
"Keysend Street, Berrow, Worcestershire, England",,
"Colwall, Herefordshire, England",,
"Ryton, Gloucestershire, England",,
"River Lugg, Herefordshire, England",,
"Turkey Hall, Eldersfield, Worcestershire, England",,
"Apperley, Gloucestershire, England",,
"Deerhurst, Gloucestershire, England",,
"Kilcot, Gloucestershire, England",,
"River Severn, England",,
"Twigworth, Gloucestershire, England",,
"Gadfield Elm Chapel, Pendock, Worcestershire, England",,
"Norton, Gloucestershire, England",,
"Lime Street, Eldersfield, Worcestershire, England",,
"Worcestershire, England",,
"Gloucester, Gloucestershire, England",,
"West Bromwick, Staffordshire, England",,
"Tapperdy, Herefordshire, England",,
"Much Cowarne, Herefordshire, England",,
"Creeks Green, Stoke Lacy, Herefordshire, England",,
"Herefordshire Beacon, Herefordshire, England",,
Joseph Simons,,
"Brand Lodge, Colwall, Herefordshire, England",,
"Macclesfield, Cheshire, England",,
"Bradley-Green, Staffordshire, England",,
"Chesterfield, Staffordshire, England",,
"Coxbank, Cheshire, England",,
"Knutton, Staffordshire, England",,
"Staffordshire, England",,
"Crowcutt, Worcestershire, England",,
"Bringsty Common, Herefordshire, England",,
"Broadheath, Worcestershire, England",,
"Bromyard, Herefordshire, England",,
"Bush Bank, Herefordshire, England",,
"Clifton, Worcestershire, England",,
"Coombes Moor, Byton parish, Herefordshire, England",,
"Durlow Common, Herefordshire, England",,
"Ivy House, Herefordshire, England",,
"Mathon, Worcestershire, England",,
"Michaelchurch, Herefordshire, England",,
"Powick, Worcestershire, England",,
"Stoke Prior, Worcestershire, England",,
"Ballsgate Common, Herefordshire, England",,
"Great Haywood Junction, Staffordshire, England",,
"Malvern, Worcestershire, England",,
"Canada East, British North America",,
"Cheltenham, Gloucestershire, England",,
"Walton Hill, Worcestershire, England",,
"Norton, Northamptonshire, England",,
"Naunton Beauchamp, Worcestershire, England",,
"Flyford Flavell, Worcestershire, England",,
"Highleadon, Gloucestershire, England",,
"Forest of Dean, Gloucestershire, England",,
"Frogs Marsh, Eldersfield, Worcestershire, England",,
"Pinvin, Worcestershire, England",,
"Leigh, Worcestershire, England",,
"Greenway, Dymock, Gloucestershire, England",,
"Ewyas Harold, Herefordshire, England",,
"Longtown, Herefordshire, England",,
"Orcop, Herefordshire, England",,
"Stone, Staffordshire, England",,
"Hill Farm, Ledbury, Herefordshire, England",,
"Stafford Jail, Stafford, Staffordshire, England",,
"Haw Cross, Worcestershire, England",,
"Eldersfield, Worcestershire, England",,
"Dudley, Staffordshire, England",,
"Stourbridge, Worcestershire, England",,
"Kidderminster, Worcestershire, England",,
"Stourport, Worcestershire, England",,
"Blackburn, Lancashire, England",,
"Chatburn, Lancashire, England",,
"Downham, Lancashire, England",,
"Whalley, Lancashire, England",,
"Idle, Yorkshire, England",,
"Newton Heath, Lancashire, England",,
"Salford, Lancashire, England",,
South Wales,,
"Chatham, Columbia County, New York",,
"Burlington, Kane County, Illinois",,
"Fort Madison, Lee County, Iowa",,
"Shockokon, Henderson County, Illinois",,
"Skunk River, Iowa",,
"Augusta, Hancock County, Illinois",,
"Warren, Knox County, Maine",,
"Waldoboro, Lincoln County, Maine",,
"Wiscasset, Lincoln County, Maine",,
"Bath, Sagadahoc County, Maine",,
"Brunswick, Cumberland County, Maine",,
"Freeport, Cumberland County, Maine",,
"North Yarmouth, Cumberland County, Maine",,
"Nobleboro, Lincoln County, Maine",,
"Newcastle, Lincoln County, Maine",,
"Sheepscot, Lincoln County, Maine",,
"Simonton District, Maine",,
"Searsmont, Waldo County, Maine",,
"Camden Harbor, Camden, Knox County, Maine",,
"Penobscot Bay, Maine",,
"Damariscotta Mills, Lincoln County, Maine",,
"Holland, Hampden County, Massachusetts",,
"Stafford, Tolland County, Connecticut",,
"Sturbridge, Worcester County, Massachusetts",,
"Tolland, Tolland County, Connecticut",,
"Newburgh, Orange County, New York",,
"Westtown, Orange County, New York",,
"Fishkill, Dutchess County, New York",,
"Litchfield, Litchfield County, Connecticut",,
"Burlington, Hartford County, Connecticut",,
"Bradleysville, Litchfield County, Connecticut",,
"Fishkill Landing, Dutchess County, New York",,
"Green Haven, Dutchess County, New York",,
"Matteawan, Dutchess County, New York",,
"New Preston, Litchfield County, Connecticut",,
"Stormville, Dutchess County, New York",,
"Kent, Litchfield County, Connecticut",,
"Livonia, Wayne County, Michigan",,
"Redford, Wayne County, Michigan",,
"Brownstown, Wayne County, Michigan",,
"Van Buren, Wayne County, Michigan",,
"Superior, Washtenaw County, Michigan",,
"Riga, Lenawee County, Michigan",,
"Lapeer County, Michigan",,
"Essex County, Canada West, British North America",,
"Auburn Hills, Oakland County, Michigan",,
"Waterford, Oakland County, Michigan",,
"Livingston County, Michigan",,
"Oakland County, Michigan",,
"Monroe County, Michigan",,
"Napoleon, Jackson County, Michigan",,
"Ann Arbor, Washtenaw County, Michigan",,
"Brighton, Livingston County, Michigan",,
"Simonton Corners, Rockport, Knox County, Maine",,
"Owls Head, Knox County, Maine",,
"South Berwick, York County, Maine",,
"Penobscot, Penobscot County, Maine",,
"Pulpit Harbor Baptist Church, Pulpit Harbor, Knox County, Maine",,
"New Rowley, Essex County, Massachusetts",,
"New Market River, Rockingham County, New Hampshire",,
"Dover, Strafford County, New Hampshire",,
"Rockingham County, New Hampshire",,
"Collinsville, Hartford County, Connecticut",,
"Collins Mill, Collinsville, Hartford County, Connecticut",,
"Litchfield County, Connecticut",,
"Beech Hill, Colebrook, Litchfield County, Connecticut",,
"North Canaan, Litchfield County, Connecticut",,
"Palace of Westminster, Westminster, Middlesex, England",,
"Westminster Bridge, Westminster, Middlesex, England",,
"Leicester Square, London, Middlesex, England",,
"Mansion House, London, Middlesex, England",,
"All Souls Church, London, Middlesex, England",,
"Windsor Castle, Windsor, Berkshire, England",,
"Oxfordshire, England",,
"Wychwood Forest, Oxfordshire, England",,
"Faringdon Road Station, West Challow, Berkshire, England",,
"Oxford University, Oxfordshire, England",,
"Stow-on-the-Wold, Gloucestershire, England",,
"Gloucestershire, England",,
"South Australia, Australia",,
East Indies,,
"Cheadle, Staffordshire, England",,
"Smithland, Livingston County, Kentucky",,
"Albany, Delaware and Randolph Counties, Indiana",,
"Vevay, Switzerland County, Indiana",,
"Cumberland River, Kentucky",,
"Poplar Grove, Boone County, Illinois",,
Mediterranean Sea,,
Dead Sea,,
"Mount of Olives, Jerusalem",,
"Marion City, Marion County, Missouri",,
"Hannibal, Marion County, Missouri",,
"Tully, Lewis County, Missouri",,
"Knoxville, Ray County, Missouri",,
"Douglas, Isle of Man",,
"Peel, Isle of Man",,
"Harrington, Northamptonshire, England",,
"Ewloe, Flintshire, Wales",,
"Chester, Cheshire, England",,
"Wootton, Bedfordshire, England",,
"Overton, Hampshire, England",,
"Poole Quay, Poole, Dorset, England",,
"Saint Helens, Lancashire, England",,
"Shelton, Norfolk, England",,
"Sing Sing, Westchester County, New York",,
"Canton, St. Lawrence County, New York",,
"Fort Plain, Montgomery County, New York",,
"Erie Canal, New York",,
"Jackson, Jackson County, Ohio",,
"Guilford Township, Medina County, Ohio",,
"Brunswick, Medina County, Ohio",,
"Strongville, Cuyahoga County, Ohio",,
"Brighton, Clark County, Ohio",,
"Monroe, Butler and Warren Counties, Ohio",,
"Germantown, Wayne County, Indiana",,
"Bridgeport, Marion County, Indiana",,
"Middletown, Henry County, Indiana",,
"Williamstown, Decatur and Rush Counties, Indiana",,
"Cambridge City, Wayne County, Indiana",,
"Belleville, Hendricks County, Indiana",,
"Stilesville, Hendricks County, Indiana",,
"Macomb, McDonough County, Illinois",,
"Beardstown, Cass County, Illinois",,
"Virginia, Cass County, Illinois",,
"Boone County, Missouri",,
"Devils Creek, Iowa",,
"New Haven County, Connecticut",,
"Russell, Hampden County, Massachusetts",,
"Centerville, New Castle County, Delaware",,
"Chadds Ford Township, Delaware County, Pennsylvania",,
"Uwchlan Township, Chester County, Pennsylvania",,
"West Nantmeal Township, Chester County, Pennsylvania",,
"Schuylkill County, Pennsylvania",,
"Peale Museum, Philadelphia, Philadelphia County, Pennsylvania",,
"Independence Hall, Philadelphia, Philadelphia County, Pennsylvania",,
"Gloucester Point, Gloucester County, Virginia",,
"Chester Creek, Delaware County, Pennsylvania",,
"Washington, Washington County, Pennsylvania",,
"Uniontown, Fayette County, Pennsylvania",,
"Harpers Ferry, Jefferson County, Virginia",,
"Frenchtown, Cecil County, Maryland",,
"New Castle, New Castle County, Delaware",,
"Allegheny River, United States",,
"Bridgewater, Beaver County, Pennsylvania",,
"Economy, Beaver County, Pennsylvania",,
"Beaver River, Pennsylvania",,
"Wellsville, Columbiana County, Ohio",,
"Licking River, Kentucky",,
"Lockland, Hamilton County, Ohio",,
"Bradford, Yorkshire, England",,
"Leeds, Yorkshire, England",,
"Little Horton, Yorkshire, England",,
"English Channel, Europe",,
"Trentham, Staffordshire, England",,
"Congleton, Cheshire, England",,
"Kanturk, County Cork, Ireland",,
"Holyhead, Anglesey, Wales",,
"North Channel, Europe",,
"Tabernacle Square, London, Middlesex, England",,
"Montgomeryshire, Wales",,
"Shoreditch Church, London, Middlesex, England",,
"Wigan, Lancashire, England",,
"Allentown, Monmouth County, New Jersey",,
"The Church of St. Paul, Liverpool, Lancashire, England",,
"The Church of St. Thomas, Liverpool, Lancashire, England",,
"Leith, Midlothian, Scotland",,
"Little Marcle, Herefordshire, England",,
"Brewett Lye, Herefordshire, England",,
"Halkington, Dymock, Gloucestershire, England",,
"Hill Castle, Herefordshire, England",,
"Richmond, Ray County, Missouri",,
"Huntsville, Randolph County, Indiana",,
"Keytesville, Chariton County, Missouri",,
"Exeter, Scott County, Illinois",,
"New Liberty, Pope County, Illinois",,
"Kingston, DeKalb County, Illinois",,
"Belfast, Waldo County, Maine",,
"Canada West, British North America",,
"Norham, Northumberland, England",,
"Stirling, Stirlingshire, Scotland",,
"River Forth, Scotland",,
"Castlecary, Lanarkshire, Scotland",,
"Coatbridge, Lanarkshire, Scotland",,
"Whifflet, Lanarkshire, Scotland",,
"Gourock, Renfrewshire, Scotland",,
"Port Glasgow, Renfrewshire, Scotland",,
"Dumbarton, Dumbartonshire, Scotland",,
"Renfrew, Renfrewshire, Scotland",,
"River Clyde, Scotland",,
"River Leven, West Dunbartonshire, Scotland",,
"Brighouse, Yorkshire, England",,
"Greenville, Greene County, New York",,
"Waterloo Mills, Minisink, Orange County, New York",,
"Middletown, Orange County, New York",,
"Holliston, Middlesex County, Massachusetts",,
"Newton, Middlesex County, Massachusetts",,
"Pawtucket, Providence County, Rhode Island",,
Rhode Island,,
"Needham, Norfolk County, Massachusetts",,
"Franklin, Norfolk County, Massachusetts",,
"Wrentham, Norfolk County, Massachusetts",,
"Castine, Hancock County, Maine",,
"Hampden, Penobscot County, Maine",,
"Bucksport, Hancock County, Maine",,
"Isle au Haut, Waldo County, Maine",,
"Belfast, Antrim County, Ireland",,
"Northport, Waldo County, Maine",,
"Frankfort, Waldo County, Maine",,
"Chepstow, Monmouthshire, Wales",,
"Monmouth, Monmouthshire, Wales",,
"River Severn, Monmouthshire, Wales",,
"River Wye, Monmouthshire, Wales",,
"River Avon, Bristol, Gloucestershire, England",,
"Wootton Bassett, Wiltshire, England",,
"Bedford, Bedfordshire, England",,
"Montrose, Angus, Scotland",,
"Deptford, London, Middlesex, England",,
"Royal Artillery Barracks, Woolwich, Kent, England",,
"Sherwood Forest, Nottinghamshire, England",,
"Reynoldsburg, Humphreys County, Tennessee",,
"Humphreys County, Tennessee",,
"Morgan Creek, Hickman County, Tennessee",,
"Naples, Greenup County, Kentucky",,
"Fayette County, Tennessee",,
"Hardeman County, Tennessee",,
"Madison County, Tennessee",,
"Sommersville, Fayette County, Tennessee",,
"Bolivar, Hardeman County, Tennessee",,
"Lexington, Henderson County, Tennessee",,
"Maple Springs, Henderson County, Tennessee",,
"Pleasant Grove, McHenry County, Illinois",,
"Mount Pinson, Madison County, Tennessee",,
"Raleigh, Shelby County, Tennessee",,
"Saint Francis County, Arkansas Territory",,
"Crittenden County, Arkansas Territory",,
"Saint Francis River, Arkansas Territory",,
"Blackfish Lake, St. Francis County, Arkansas Territory",,
"Cadron Creek, Arkansas Territory",,
"Conway County, Arkansas Territory",,
"Monroe County, Arkansas Territory",,
"White River, Arkansas Territory",,
"Pulaski County, Arkansas Territory",,
"Lake Dardanelle, Dardanelle, Yell County, Arkansas Territory",,
"Petit Jean Mountain, Conway County, Arkansas Territory",,
"Fitzroy Square, London, Middlesex, England",,
"Springfield, Chester County, Pennsylvania",,
"St. Albans, Hertfordshire, England",,
"Marylebone, Middlesex, England",,
"Genesee County, New York",,
"Lyons, Wayne County, New York",,
"Thompson, Sullivan County, New York",,
"Fabius, Onondaga County, New York",,
"Saône River, France",,
"Rhône River, France",,
Seine River,,
"Paisley, Renfrewshire, Scotland",,
"Natchez, Adams County, Mississippi",,
"Oxford, Oxfordshire, England",,
"Augusta, Richmond County, Georgia",,
"Mackinac, Michilimackinac County, Wisconsin Territory",,
"Jefferson County, New York",,
"Islesboro, Waldo County, Maine",,
"Nottawa Township, St. Joseph County, Michigan",,
"West Martinsburg, Martinsburg, Lewis County, New York",,
"Lake Ontario, United States",,
"Genesee River, New York and Pennsylvania",,
"Salina, Onondaga County, New York",,
"Somonauk, Dekalb and LaSalle Counties, Illinois",,
"Toulon, Stark County, Illinois",,
"Hendersonville, Knox County, Illinois",,
"Cranham, Gloucestershire, England",,
"Windsor, Berkshire, England",,
"St Martin-in-the-Fields, Westminster, Middlesex, England",,
"Surrey Chapel, Southwark, Middlesex, England",,
"Shoreditch, Middlesex, England",,
"Thames Tunnel, London, Middlesex, England",,
"Rotherhithe, London, Surrey, England",,
"Leverett, Franklin County, Massachusetts",,
"Cabotville, Hampden County, Massachusetts",,
"New Salem, Franklin County, Massachusetts",,
"Wendell, Franklin County, Massachusetts",,
"Tariffville, Hartford County, Connecticut",,
"Bridgeport, Fairfield County, Connecticut",,
"Fairmount, Philadelphia, Pennsylvania",,
"Lionville, Chester County, Pennsylvania",,
"Berrien County, Michigan",,
"Kalamazoo County, Michigan",,
"Kalamazoo, Kalamazoo County, Michigan",,
"Lenawee County, Michigan",,
"St. Joseph County, Michigan",,
"Van Buren County, Michigan",,
"Washtenaw County, Michigan",,
"Wayne County, Michigan",,
"Decatur, Van Buren County, Michigan",,
"Niles Township, Delaware County, Indiana",,
"Newark, Kendall County, Illinois",,
"Bertrand Township, Berrien County, Michigan",,
"Lake County, Indiana",,
"Valparaiso, Porter County, Indiana",,
"New Marlborough, Berkshire County, Massachusetts",,
"Rock School, Colebrook, Litchfield County, Connecticut",,
"Greenbush, Rensselaer County, New York",,
"Leeds Township, Leeds County, Canada West, British North America",,
"Kingston, Frontenac County, Canada West, British North America",,
"Bastard, Leeds County, Canada West, British North America",,
"Cranberry Lake, Canada West, British North America",,
"Jones Falls, Canada West, British North America",,
"Brewers Mills, Pittsburgh Township, Frontenac County, Canada West, British North America",,
"Sackets Harbor, Jefferson County, New York",,
"Kingston, Upper Canada, British North America",,
"Upper Canada, British North America",,
"Bushnell Basin, New York",,
"Tonawanda, Erie County, New York",,
"Royalton, Niagara County, New York",,
"Middleport, Niagara County, New York",,
"Medina, Orleans County, New York",,
"Albion, Orleans County, New York",,
"Holley, Murray, Orleans County, New York",,
"Brockport, Monroe County, New York",,
"Pittsford, Monroe County, New York",,
"Port Gibson, Ontario County, New York",,
"Newark, Wayne County, New York",,
"Clyde, Wayne County, New York",,
"Montezuma, Cayuga County, New York",,
"Port Byron, Cayuga County, New York",,
"Weedsport, Cayuga County, New York",,
"Jordan, Onondaga County, New York",,
"Camillus, Onondaga County, New York",,
"Barnstable County, Massachusetts",,
"Nantucket, Nantucket County, Massachusetts",,
"Cape Sable Island, Shelburne County, Nova Scotia, British North America",,
"Middlewich, Cheshire, England",,
"Bridge of Weir, Renfrewshire, Scotland",,
"Johnstone, Renfrewshire, Scotland",,
"Northwich, Cheshire, England",,
"Thornliebank, Renfrewshire, Scotland",,
"Radcliffe Bridge, Lancashire, England",,
"Northampton, Northamptonshire, England",,
"Penwortham, Lancashire, England",,
"Lambsbury, Lancashire, England",,
"Moss Side, Leyland, Lancashire, England",,
"Grindleton, Lancashire, England",,
"Elton, Cheshire, England",,
"Altrincham, Cheshire, England",,
"Dunham Town, Cheshire, England",,
"Whittle-le-Woods, Lancashire, England",,
"Ribchester, Lancashire, England",,
"Burnley, Lancashire, England",,
"Keighley, Yorkshire, England",,
"Covington, Miami County, Ohio",,
"Newton Falls, Trumbull County, Ohio",,
"Parkersburg, Wood County, Virginia",,
"Columbiana County, Ohio",,
"Portsmouth, Scioto County, Ohio",,
"Big Bone Lick, Boone County, Kentucky",,
"Ohio Falls, Clark County, Indiana",,
"Boston, Nelson County, Kentucky",,
"Simpsonville, Shelby County, Kentucky",,
"Shelbyville, Shelby County, Kentucky",,
"Evansville, Vanderburgh County, Indiana",,
"Owensboro, Daviess County, Kentucky",,
"Troy, Perry County, Indiana",,
"Hawesville, Hancock County, Kentucky",,
"Cloverport, Breckinridge County, Kentucky",,
"Rome, Perry County, Indiana",,
"Brush Creek, Smith County, Kentucky",,
"Obion Creek, Graves County, Kentucky",,
